Effect,Subject,Estimate,StdErrPred,DF,tValue,Probt
Intercept,id 100012,-0.6276,1.1483,5396,-0.55,0.5847
Intercept,id 100023,1.7582,0.5293,5396,3.32,0.0009
Intercept,id 100034,1.5692,0.6095,5396,2.57,0.0101
Intercept,id 100045,-0.5718,1.1684,5396,-0.49,0.6246
Intercept,id 100056,1.5692,0.6095,5396,2.57,0.0101
Intercept,id 100067,-0.5718,1.1684,5396,-0.49,0.6246
Intercept,id 100078,0.3968,0.8852,5396,0.45,0.6540
Intercept,id 100089,0.3968,0.8852,5396,0.45,0.6540
Intercept,id 100102,-0.4956,1.1977,5396,-0.41,0.6791
Intercept,id 100113,1.5692,0.6095,5396,2.57,0.0101
Intercept,id 100124,-0.5718,1.1684,5396,-0.49,0.6246
Intercept,id 100146,0.4905,0.9007,5396,0.54,0.5861
Intercept,id 100157,-0.6276,1.1483,5396,-0.55,0.5847
Intercept,id 100168,0.3968,0.8852,5396,0.45,0.6540
Intercept,id 100179,-0.6276,1.1483,5396,-0.55,0.5847
Intercept,id 100190,-0.6276,1.1483,5396,-0.55,0.5847
Intercept,id 100203,-0.6276,1.1483,5396,-0.55,0.5847
Intercept,id 100214,-0.5718,1.1684,5396,-0.49,0.6246
Intercept,id 100236,0.4905,0.9007,5396,0.54,0.5861
Intercept,id 100247,1.0222,0.7124,5396,1.44,0.1513
Intercept,id 100258,-0.6276,1.1483,5396,-0.55,0.5847
Intercept,id 100269,0.4905,0.9007,5396,0.54,0.5861
Intercept,id 100280,-0.5718,1.1684,5396,-0.49,0.6246
Intercept,id 100291,-0.6276,1.1483,5396,-0.55,0.5847
Intercept,id 100304,-0.5718,1.1684,5396,-0.49,0.6246
Intercept,id 100326,1.1357,0.7221,5396,1.57,0.1158
Intercept,id 100348,-0.6276,1.1483,5396,-0.55,0.5847
Intercept,id 100359,-0.5718,1.1684,5396,-0.49,0.6246
Intercept,id 100370,1.8879,0.5339,5396,3.54,0.0004
Intercept,id 100381,1.8029,0.7885,5396,2.29,0.0223
Intercept,id 100392,-0.6276,1.1483,5396,-0.55,0.5847
Intercept,id 100405,-0.5718,1.1684,5396,-0.49,0.6246
Intercept,id 100416,-0.6276,1.1483,5396,-0.55,0.5847
Intercept,id 100427,-0.5718,1.1684,5396,-0.49,0.6246
Intercept,id 100460,0.4905,0.9007,5396,0.54,0.5861
Intercept,id 100471,0.3968,0.8852,5396,0.45,0.6540
Intercept,id 100493,-0.6276,1.1483,5396,-0.55,0.5847
Intercept,id 100506,1.0222,0.7124,5396,1.44,0.1513
Intercept,id 100517,-0.6276,1.1483,5396,-0.55,0.5847
Intercept,id 100528,0.4905,0.9007,5396,0.54,0.5861
Intercept,id 100539,-0.6276,1.1483,5396,-0.55,0.5847
Intercept,id 100550,0.7923,0.9567,5396,0.83,0.4076
Intercept,id 100561,0.3968,0.8852,5396,0.45,0.6540
Intercept,id 100572,0.3968,0.8852,5396,0.45,0.6540
Intercept,id 100583,-0.6276,1.1483,5396,-0.55,0.5847
Intercept,id 100594,-0.5718,1.1684,5396,-0.49,0.6246
Intercept,id 100640,-0.5718,1.1684,5396,-0.49,0.6246
Intercept,id 100673,0.3968,0.8852,5396,0.45,0.6540
Intercept,id 100719,-0.5718,1.1684,5396,-0.49,0.6246
Intercept,id 100730,-0.5718,1.1684,5396,-0.49,0.6246
Intercept,id 100741,-0.6276,1.1483,5396,-0.55,0.5847
Intercept,id 100752,3.2736,0.2702,5396,12.12,<.0001
Intercept,id 100763,-0.6276,1.1483,5396,-0.55,0.5847
Intercept,id 100820,-0.6276,1.1483,5396,-0.55,0.5847
Intercept,id 100864,-0.5718,1.1684,5396,-0.49,0.6246
Intercept,id 100910,-0.6276,1.1483,5396,-0.55,0.5847
Intercept,id 100921,0.4905,0.9007,5396,0.54,0.5861
Intercept,id 100943,-0.5718,1.1684,5396,-0.49,0.6246
Intercept,id 100954,1.7582,0.5293,5396,3.32,0.0009
Intercept,id 100965,-0.5718,1.1684,5396,-0.49,0.6246
Intercept,id 101035,-0.5718,1.1684,5396,-0.49,0.6246
Intercept,id 101046,1.0222,0.7124,5396,1.44,0.1513
Intercept,id 101068,-0.5718,1.1684,5396,-0.49,0.6246
Intercept,id 101079,1.0222,0.7124,5396,1.44,0.1513
Intercept,id 101090,1.1357,0.7221,5396,1.57,0.1158
Intercept,id 101103,2.2386,0.5461,5396,4.10,<.0001
Intercept,id 101125,-0.5718,1.1684,5396,-0.49,0.6246
Intercept,id 101147,-0.6276,1.1483,5396,-0.55,0.5847
Intercept,id 101169,1.8879,0.5339,5396,3.54,0.0004
Intercept,id 101191,-0.3203,1.2746,5396,-0.25,0.8016
Intercept,id 101204,-0.5718,1.1684,5396,-0.49,0.6246
Intercept,id 101237,-0.4956,1.1977,5396,-0.41,0.6791
Intercept,id 101248,-0.6276,1.1483,5396,-0.55,0.5847
Intercept,id 101259,0.4905,0.9007,5396,0.54,0.5861
Intercept,id 101270,0.4905,0.9007,5396,0.54,0.5861
Intercept,id 101316,-0.6276,1.1483,5396,-0.55,0.5847
Intercept,id 101360,1.5692,0.6095,5396,2.57,0.0101
Intercept,id 101382,2.3411,0.4386,5396,5.34,<.0001
Intercept,id 101406,-0.5718,1.1684,5396,-0.49,0.6246
Intercept,id 101417,-0.6276,1.1483,5396,-0.55,0.5847
Intercept,id 101428,-0.5718,1.1684,5396,-0.49,0.6246
Intercept,id 101439,1.0222,0.7124,5396,1.44,0.1513
Intercept,id 101507,1.1357,0.7221,5396,1.57,0.1158
Intercept,id 101518,-0.5718,1.1684,5396,-0.49,0.6246
Intercept,id 101540,0.4905,0.9007,5396,0.54,0.5861
Intercept,id 101562,1.2081,0.7283,5396,1.66,0.0972
Intercept,id 101608,0.3968,0.8852,5396,0.45,0.6540
Intercept,id 101619,-0.4075,1.2346,5396,-0.33,0.7414
Intercept,id 101641,-0.6276,1.1483,5396,-0.55,0.5847
Intercept,id 101652,0.3968,0.8852,5396,0.45,0.6540
Intercept,id 101674,-0.5718,1.1684,5396,-0.49,0.6246
Intercept,id 101685,-0.1730,1.3522,5396,-0.13,0.8982
Intercept,id 101720,1.7582,0.5293,5396,3.32,0.0009
Intercept,id 101731,-0.6276,1.1483,5396,-0.55,0.5847
Intercept,id 101753,-0.5718,1.1684,5396,-0.49,0.6246
Intercept,id 101876,-0.5718,1.1684,5396,-0.49,0.6246
Intercept,id 101911,-0.5718,1.1684,5396,-0.49,0.6246
Intercept,id 101966,-0.6276,1.1483,5396,-0.55,0.5847
Intercept,id 102025,0.4905,0.9007,5396,0.54,0.5861
Intercept,id 102036,0.4905,0.9007,5396,0.54,0.5861
Intercept,id 102047,1.0222,0.7124,5396,1.44,0.1513
Intercept,id 102091,-0.5718,1.1684,5396,-0.49,0.6246
Intercept,id 102137,-0.3028,1.2832,5396,-0.24,0.8135
Intercept,id 102148,-0.6276,1.1483,5396,-0.55,0.5847
Intercept,id 102205,-0.6276,1.1483,5396,-0.55,0.5847
Intercept,id 102216,-0.5718,1.1684,5396,-0.49,0.6246
Intercept,id 102227,-0.5718,1.1684,5396,-0.49,0.6246
Intercept,id 102271,-0.3203,1.2746,5396,-0.25,0.8016
Intercept,id 102306,2.1373,0.4796,5396,4.46,<.0001
Intercept,id 102361,-0.5718,1.1684,5396,-0.49,0.6246
Intercept,id 102383,-0.5718,1.1684,5396,-0.49,0.6246
Intercept,id 102462,1.0222,0.7124,5396,1.44,0.1513
Intercept,id 102484,1.5692,0.6095,5396,2.57,0.0101
Intercept,id 102495,0.3968,0.8852,5396,0.45,0.6540
Intercept,id 102519,-0.5718,1.1684,5396,-0.49,0.6246
Intercept,id 102541,-0.6276,1.1483,5396,-0.55,0.5847
Intercept,id 102552,-0.6276,1.1483,5396,-0.55,0.5847
Intercept,id 102563,-0.5718,1.1684,5396,-0.49,0.6246
Intercept,id 102574,-0.6276,1.1483,5396,-0.55,0.5847
Intercept,id 102596,0.4905,0.9007,5396,0.54,0.5861
Intercept,id 102609,1.1357,0.7221,5396,1.57,0.1158
Intercept,id 102620,-0.5718,1.1684,5396,-0.49,0.6246
Intercept,id 102631,1.1357,0.7221,5396,1.57,0.1158
Intercept,id 102653,-0.6276,1.1483,5396,-0.55,0.5847
Intercept,id 102664,-0.6276,1.1483,5396,-0.55,0.5847
Intercept,id 102710,1.1357,0.7221,5396,1.57,0.1158
Intercept,id 102721,1.1357,0.7221,5396,1.57,0.1158
Intercept,id 102743,1.0222,0.7124,5396,1.44,0.1513
Intercept,id 102787,-0.6276,1.1483,5396,-0.55,0.5847
Intercept,id 102798,-0.5718,1.1684,5396,-0.49,0.6246
Intercept,id 102811,0.4905,0.9007,5396,0.54,0.5861
Intercept,id 102833,0.4905,0.9007,5396,0.54,0.5861
Intercept,id 102855,-0.6276,1.1483,5396,-0.55,0.5847
Intercept,id 102888,-0.5718,1.1684,5396,-0.49,0.6246
Intercept,id 102923,1.0145,1.0056,5396,1.01,0.3131
Intercept,id 102945,0.4905,0.9007,5396,0.54,0.5861
Intercept,id 103037,-0.6276,1.1483,5396,-0.55,0.5847
Intercept,id 103048,0.4905,0.9007,5396,0.54,0.5861
Intercept,id 103059,-0.5718,1.1684,5396,-0.49,0.6246
Intercept,id 103105,-0.5718,1.1684,5396,-0.49,0.6246
Intercept,id 103127,0.4905,0.9007,5396,0.54,0.5861
Intercept,id 103182,-0.6276,1.1483,5396,-0.55,0.5847
Intercept,id 103193,-0.5718,1.1684,5396,-0.49,0.6246
Intercept,id 103228,-0.5377,1.1813,5396,-0.46,0.6490
Intercept,id 103239,-0.6276,1.1483,5396,-0.55,0.5847
Intercept,id 103250,-0.5718,1.1684,5396,-0.49,0.6246
Intercept,id 103272,1.0145,1.0056,5396,1.01,0.3131
Intercept,id 103307,-0.6276,1.1483,5396,-0.55,0.5847
Intercept,id 103318,-0.4956,1.1977,5396,-0.41,0.6791
Intercept,id 103351,-0.6276,1.1483,5396,-0.55,0.5847
Intercept,id 103373,-0.5718,1.1684,5396,-0.49,0.6246
Intercept,id 103384,2.2051,0.4359,5396,5.06,<.0001
Intercept,id 103430,0.3968,0.8852,5396,0.45,0.6540
Intercept,id 103463,-0.5718,1.1684,5396,-0.49,0.6246
Intercept,id 103509,-0.5718,1.1684,5396,-0.49,0.6246
Intercept,id 103520,2.2466,0.8448,5396,2.66,0.0079
Intercept,id 103531,0.3968,0.8852,5396,0.45,0.6540
Intercept,id 103542,-0.6276,1.1483,5396,-0.55,0.5847
Intercept,id 103553,-0.5377,1.1813,5396,-0.46,0.6490
Intercept,id 103610,-0.5718,1.1684,5396,-0.49,0.6246
Intercept,id 103632,0.4905,0.9007,5396,0.54,0.5861
Intercept,id 103676,0.3968,0.8852,5396,0.45,0.6540
Intercept,id 103687,-0.5718,1.1684,5396,-0.49,0.6246
Intercept,id 103722,-0.6276,1.1483,5396,-0.55,0.5847
Intercept,id 103733,-0.5718,1.1684,5396,-0.49,0.6246
Intercept,id 103744,-0.6276,1.1483,5396,-0.55,0.5847
Intercept,id 103755,1.1357,0.7221,5396,1.57,0.1158
Intercept,id 103777,1.1357,0.7221,5396,1.57,0.1158
Intercept,id 103788,-0.5718,1.1684,5396,-0.49,0.6246
Intercept,id 103812,-0.6276,1.1483,5396,-0.55,0.5847
Intercept,id 103878,1.5692,0.6095,5396,2.57,0.0101
Intercept,id 103902,0.3968,0.8852,5396,0.45,0.6540
Intercept,id 103935,0.3968,0.8852,5396,0.45,0.6540
Intercept,id 103968,1.5692,0.6095,5396,2.57,0.0101
Intercept,id 103979,0.5497,0.9108,5396,0.60,0.5462
Intercept,id 104005,-0.4368,1.2220,5396,-0.36,0.7208
Intercept,id 104016,-0.1730,1.3522,5396,-0.13,0.8982
Intercept,id 104027,-0.5377,1.1813,5396,-0.46,0.6490
Intercept,id 104038,1.1357,0.7221,5396,1.57,0.1158
Intercept,id 104071,-0.6276,1.1483,5396,-0.55,0.5847
Intercept,id 104082,-0.5718,1.1684,5396,-0.49,0.6246
Intercept,id 104093,-0.6276,1.1483,5396,-0.55,0.5847
Intercept,id 104117,-0.5718,1.1684,5396,-0.49,0.6246
Intercept,id 104139,0.4905,0.9007,5396,0.54,0.5861
Intercept,id 104161,-0.5718,1.1684,5396,-0.49,0.6246
Intercept,id 104229,-0.1804,1.3480,5396,-0.13,0.8935
Intercept,id 104262,1.1357,0.7221,5396,1.57,0.1158
Intercept,id 104330,-0.5718,1.1684,5396,-0.49,0.6246
Intercept,id 104475,-0.5718,1.1684,5396,-0.49,0.6246
Intercept,id 104497,0.4905,0.9007,5396,0.54,0.5861
Intercept,id 104532,-0.3203,1.2746,5396,-0.25,0.8016
Intercept,id 104543,0.3968,0.8852,5396,0.45,0.6540
Intercept,id 104565,0.3968,0.8852,5396,0.45,0.6540
Intercept,id 104576,1.4455,0.6031,5396,2.40,0.0166
Intercept,id 104600,-0.4368,1.2220,5396,-0.36,0.7208
Intercept,id 104622,-0.6276,1.1483,5396,-0.55,0.5847
Intercept,id 104633,1.7501,0.7825,5396,2.24,0.0254
Intercept,id 104655,-0.5718,1.1684,5396,-0.49,0.6246
Intercept,id 104677,0.4905,0.9007,5396,0.54,0.5861
Intercept,id 104701,0.3968,0.8852,5396,0.45,0.6540
Intercept,id 104723,0.9750,0.9963,5396,0.98,0.3278
Intercept,id 104734,2.6611,0.3804,5396,7.00,<.0001
Intercept,id 104789,0.4905,0.9007,5396,0.54,0.5861
Intercept,id 104802,-0.1804,1.3480,5396,-0.13,0.8935
Intercept,id 104813,-0.6276,1.1483,5396,-0.55,0.5847
Intercept,id 104824,-0.5718,1.1684,5396,-0.49,0.6246
Intercept,id 104835,2.3411,0.4386,5396,5.34,<.0001
Intercept,id 104846,-0.5718,1.1684,5396,-0.49,0.6246
Intercept,id 104890,-0.6276,1.1483,5396,-0.55,0.5847
Intercept,id 104903,-0.3028,1.2832,5396,-0.24,0.8135
Intercept,id 104914,-0.6276,1.1483,5396,-0.55,0.5847
Intercept,id 104925,1.3288,1.0897,5396,1.22,0.2227
Intercept,id 104980,0.4905,0.9007,5396,0.54,0.5861
Intercept,id 104991,1.1357,0.7221,5396,1.57,0.1158
Intercept,id 105006,0.4905,0.9007,5396,0.54,0.5861
Intercept,id 105028,-0.6276,1.1483,5396,-0.55,0.5847
Intercept,id 105039,0.9750,0.9963,5396,0.98,0.3278
Intercept,id 105050,0.4905,0.9007,5396,0.54,0.5861
Intercept,id 105061,-0.5718,1.1684,5396,-0.49,0.6246
Intercept,id 105072,1.7582,0.5293,5396,3.32,0.0009
Intercept,id 105083,0.3968,0.8852,5396,0.45,0.6540
Intercept,id 105094,-0.6276,1.1483,5396,-0.55,0.5847
Intercept,id 105107,1.5692,0.6095,5396,2.57,0.0101
Intercept,id 105118,0.3968,0.8852,5396,0.45,0.6540
Intercept,id 105129,-0.5718,1.1684,5396,-0.49,0.6246
Intercept,id 105140,-0.6276,1.1483,5396,-0.55,0.5847
Intercept,id 105151,-0.5718,1.1684,5396,-0.49,0.6246
Intercept,id 105184,-0.6276,1.1483,5396,-0.55,0.5847
Intercept,id 105208,0.4905,0.9007,5396,0.54,0.5861
Intercept,id 105230,-0.5718,1.1684,5396,-0.49,0.6246
Intercept,id 105252,-0.6276,1.1483,5396,-0.55,0.5847
Intercept,id 105309,-0.5718,1.1684,5396,-0.49,0.6246
Intercept,id 105320,-0.4075,1.2346,5396,-0.33,0.7414
Intercept,id 105342,-0.6276,1.1483,5396,-0.55,0.5847
Intercept,id 105386,-0.5718,1.1684,5396,-0.49,0.6246
Intercept,id 105410,1.0222,0.7124,5396,1.44,0.1513
Intercept,id 105454,-0.6276,1.1483,5396,-0.55,0.5847
Intercept,id 105498,-0.5718,1.1684,5396,-0.49,0.6246
Intercept,id 105500,0.3968,0.8852,5396,0.45,0.6540
Intercept,id 105511,-0.5718,1.1684,5396,-0.49,0.6246
Intercept,id 105544,-0.4956,1.1977,5396,-0.41,0.6791
Intercept,id 105566,1.6484,0.6134,5396,2.69,0.0072
Intercept,id 105645,-0.6276,1.1483,5396,-0.55,0.5847
Intercept,id 105667,-0.6276,1.1483,5396,-0.55,0.5847
Intercept,id 105689,-0.5718,1.1684,5396,-0.49,0.6246
Intercept,id 105713,-0.5718,1.1684,5396,-0.49,0.6246
Intercept,id 105724,-0.1804,1.3480,5396,-0.13,0.8935
Intercept,id 105735,-0.5718,1.1684,5396,-0.49,0.6246
Intercept,id 105757,1.7582,0.5293,5396,3.32,0.0009
Intercept,id 105790,0.4905,0.9007,5396,0.54,0.5861
Intercept,id 105814,-0.6276,1.1483,5396,-0.55,0.5847
Intercept,id 105869,-0.4368,1.2220,5396,-0.36,0.7208
Intercept,id 105937,0.4905,0.9007,5396,0.54,0.5861
Intercept,id 106007,0.3968,0.8852,5396,0.45,0.6540
Intercept,id 106029,-0.5718,1.1684,5396,-0.49,0.6246
Intercept,id 106051,0.6250,0.9244,5396,0.68,0.4990
Intercept,id 106073,1.0222,0.7124,5396,1.44,0.1513
Intercept,id 106119,-0.5718,1.1684,5396,-0.49,0.6246
Intercept,id 106130,0.5497,0.9108,5396,0.60,0.5462
Intercept,id 106152,1.0222,0.7124,5396,1.44,0.1513
Intercept,id 106196,-0.5718,1.1684,5396,-0.49,0.6246
Intercept,id 106253,-0.6276,1.1483,5396,-0.55,0.5847
Intercept,id 106275,-0.6276,1.1483,5396,-0.55,0.5847
Intercept,id 106297,-0.6276,1.1483,5396,-0.55,0.5847
Intercept,id 106310,-0.5718,1.1684,5396,-0.49,0.6246
Intercept,id 106332,-0.6276,1.1483,5396,-0.55,0.5847
Intercept,id 106376,-0.5718,1.1684,5396,-0.49,0.6246
Intercept,id 106387,-0.4075,1.2346,5396,-0.33,0.7414
Intercept,id 106398,-0.5718,1.1684,5396,-0.49,0.6246
Intercept,id 106400,-0.6276,1.1483,5396,-0.55,0.5847
Intercept,id 106411,-0.5718,1.1684,5396,-0.49,0.6246
Intercept,id 106422,-0.5718,1.1684,5396,-0.49,0.6246
Intercept,id 106433,-0.6276,1.1483,5396,-0.55,0.5847
Intercept,id 106444,-0.6276,1.1483,5396,-0.55,0.5847
Intercept,id 106455,-0.6276,1.1483,5396,-0.55,0.5847
Intercept,id 106477,-0.6276,1.1483,5396,-0.55,0.5847
Intercept,id 106488,-0.5377,1.1813,5396,-0.46,0.6490
Intercept,id 106499,-0.5718,1.1684,5396,-0.49,0.6246
Intercept,id 106501,-0.5718,1.1684,5396,-0.49,0.6246
Intercept,id 106578,-0.6276,1.1483,5396,-0.55,0.5847
Intercept,id 106589,1.1357,0.7221,5396,1.57,0.1158
Intercept,id 106602,-0.6276,1.1483,5396,-0.55,0.5847
Intercept,id 106624,-0.6276,1.1483,5396,-0.55,0.5847
Intercept,id 106646,-0.5718,1.1684,5396,-0.49,0.6246
Intercept,id 106657,0.3968,0.8852,5396,0.45,0.6540
Intercept,id 106668,1.0222,0.7124,5396,1.44,0.1513
Intercept,id 106703,-0.5718,1.1684,5396,-0.49,0.6246
Intercept,id 106714,-0.5718,1.1684,5396,-0.49,0.6246
Intercept,id 106725,0.3968,0.8852,5396,0.45,0.6540
Intercept,id 106758,0.4905,0.9007,5396,0.54,0.5861
Intercept,id 106780,-0.6276,1.1483,5396,-0.55,0.5847
Intercept,id 106791,-0.4368,1.2220,5396,-0.36,0.7208
Intercept,id 106804,-0.5718,1.1684,5396,-0.49,0.6246
Intercept,id 106815,-0.6276,1.1483,5396,-0.55,0.5847
Intercept,id 106837,-0.6276,1.1483,5396,-0.55,0.5847
Intercept,id 106848,0.4905,0.9007,5396,0.54,0.5861
Intercept,id 106859,-0.4956,1.1977,5396,-0.41,0.6791
Intercept,id 106881,-0.5718,1.1684,5396,-0.49,0.6246
Intercept,id 106938,-0.5718,1.1684,5396,-0.49,0.6246
Intercept,id 106971,-0.6276,1.1483,5396,-0.55,0.5847
Intercept,id 106982,-0.6276,1.1483,5396,-0.55,0.5847
Intercept,id 106993,-0.4956,1.1977,5396,-0.41,0.6791
Intercept,id 107019,1.5692,0.6095,5396,2.57,0.0101
Intercept,id 107030,-0.6276,1.1483,5396,-0.55,0.5847
Intercept,id 107041,2.3411,0.4386,5396,5.34,<.0001
Intercept,id 107052,-0.6276,1.1483,5396,-0.55,0.5847
Intercept,id 107063,-0.5377,1.1813,5396,-0.46,0.6490
Intercept,id 107074,-0.4075,1.2346,5396,-0.33,0.7414
Intercept,id 107120,-0.6276,1.1483,5396,-0.55,0.5847
Intercept,id 107311,0.3968,0.8852,5396,0.45,0.6540
Intercept,id 107333,-0.5718,1.1684,5396,-0.49,0.6246
Intercept,id 107355,2.2051,0.4359,5396,5.06,<.0001
Intercept,id 107366,-0.5718,1.1684,5396,-0.49,0.6246
Intercept,id 107377,-0.5377,1.1813,5396,-0.46,0.6490
Intercept,id 107388,-0.6276,1.1483,5396,-0.55,0.5847
Intercept,id 107399,-0.5718,1.1684,5396,-0.49,0.6246
Intercept,id 107401,-0.6276,1.1483,5396,-0.55,0.5847
Intercept,id 107412,-0.4956,1.1977,5396,-0.41,0.6791
Intercept,id 107423,-0.6276,1.1483,5396,-0.55,0.5847
Intercept,id 107456,-0.5377,1.1813,5396,-0.46,0.6490
Intercept,id 107467,0.6250,0.9244,5396,0.68,0.4990
Intercept,id 107489,-0.1730,1.3522,5396,-0.13,0.8982
Intercept,id 107502,0.5497,0.9108,5396,0.60,0.5462
Intercept,id 107513,-0.5718,1.1684,5396,-0.49,0.6246
Intercept,id 107524,-0.5377,1.1813,5396,-0.46,0.6490
Intercept,id 107546,1.7506,0.6190,5396,2.83,0.0047
Intercept,id 107557,-0.5377,1.1813,5396,-0.46,0.6490
Intercept,id 107579,-0.5377,1.1813,5396,-0.46,0.6490
Intercept,id 107590,-0.5377,1.1813,5396,-0.46,0.6490
Intercept,id 107816,-0.4956,1.1977,5396,-0.41,0.6791
Intercept,id 107838,-0.4956,1.1977,5396,-0.41,0.6791
Intercept,id 107849,-0.5377,1.1813,5396,-0.46,0.6490
Intercept,id 107860,1.6484,0.6134,5396,2.69,0.0072
Intercept,id 107882,0.6250,0.9244,5396,0.68,0.4990
Intercept,id 107893,-0.4956,1.1977,5396,-0.41,0.6791
Intercept,id 107906,-0.5377,1.1813,5396,-0.46,0.6490
Intercept,id 107917,-0.5377,1.1813,5396,-0.46,0.6490
Intercept,id 107928,-0.4075,1.2346,5396,-0.33,0.7414
Intercept,id 107939,-0.4956,1.1977,5396,-0.41,0.6791
Intercept,id 107950,-0.1730,1.3522,5396,-0.13,0.8982
Intercept,id 107961,-0.5377,1.1813,5396,-0.46,0.6490
Intercept,id 107972,-0.5377,1.1813,5396,-0.46,0.6490
Intercept,id 107983,-0.4956,1.1977,5396,-0.41,0.6791
Intercept,id 107994,-0.4956,1.1977,5396,-0.41,0.6791
Intercept,id 108009,1.2081,0.7283,5396,1.66,0.0972
Intercept,id 108042,-0.5377,1.1813,5396,-0.46,0.6490
Intercept,id 108053,-0.5377,1.1813,5396,-0.46,0.6490
Intercept,id 108064,-0.4956,1.1977,5396,-0.41,0.6791
Intercept,id 108075,1.3012,0.7368,5396,1.77,0.0775
Intercept,id 108086,-0.3028,1.2832,5396,-0.24,0.8135
Intercept,id 108198,0.7350,0.9452,5396,0.78,0.4368
Intercept,id 108277,0.6250,0.9244,5396,0.68,0.4990
Intercept,id 108301,-0.5377,1.1813,5396,-0.46,0.6490
Intercept,id 108367,-0.4956,1.1977,5396,-0.41,0.6791
Intercept,id 108378,-0.5377,1.1813,5396,-0.46,0.6490
Intercept,id 108389,0.5497,0.9108,5396,0.60,0.5462
Intercept,id 108479,-0.5377,1.1813,5396,-0.46,0.6490
Intercept,id 108490,-0.4956,1.1977,5396,-0.41,0.6791
Intercept,id 108503,-0.4956,1.1977,5396,-0.41,0.6791
Intercept,id 108514,-0.5377,1.1813,5396,-0.46,0.6490
Intercept,id 108525,-0.5377,1.1813,5396,-0.46,0.6490
Intercept,id 108536,1.2081,0.7283,5396,1.66,0.0972
Intercept,id 108547,-0.4956,1.1977,5396,-0.41,0.6791
Intercept,id 108558,-0.5377,1.1813,5396,-0.46,0.6490
Intercept,id 108569,1.2081,0.7283,5396,1.66,0.0972
Intercept,id 108591,-0.4956,1.1977,5396,-0.41,0.6791
Intercept,id 108716,-0.5377,1.1813,5396,-0.46,0.6490
Intercept,id 108782,-0.3203,1.2746,5396,-0.25,0.8016
Intercept,id 108793,-0.4956,1.1977,5396,-0.41,0.6791
Intercept,id 108806,1.0145,1.0056,5396,1.01,0.3131
Intercept,id 108817,-0.4956,1.1977,5396,-0.41,0.6791
Intercept,id 108850,-0.4956,1.1977,5396,-0.41,0.6791
Intercept,id 108872,-0.3203,1.2746,5396,-0.25,0.8016
Intercept,id 108883,-0.4956,1.1977,5396,-0.41,0.6791
Intercept,id 108973,-0.4956,1.1977,5396,-0.41,0.6791
Intercept,id 108984,-0.5377,1.1813,5396,-0.46,0.6490
Intercept,id 109021,1.3012,0.7368,5396,1.77,0.0775
Intercept,id 109076,0.5497,0.9108,5396,0.60,0.5462
Intercept,id 109122,-0.5377,1.1813,5396,-0.46,0.6490
Intercept,id 109166,-0.5377,1.1813,5396,-0.46,0.6490
Intercept,id 109188,-0.4956,1.1977,5396,-0.41,0.6791
Intercept,id 109199,-0.4956,1.1977,5396,-0.41,0.6791
Intercept,id 109201,-0.4956,1.1977,5396,-0.41,0.6791
Intercept,id 109212,2.2229,0.4812,5396,4.62,<.0001
Intercept,id 109223,-0.3203,1.2746,5396,-0.25,0.8016
Intercept,id 109313,0.6250,0.9244,5396,0.68,0.4990
Intercept,id 109335,2.2229,0.4812,5396,4.62,<.0001
Intercept,id 109346,-0.5377,1.1813,5396,-0.46,0.6490
Intercept,id 109469,-0.4956,1.1977,5396,-0.41,0.6791
Intercept,id 109526,-0.4956,1.1977,5396,-0.41,0.6791
Intercept,id 109537,0.5497,0.9108,5396,0.60,0.5462
Intercept,id 109548,-0.4956,1.1977,5396,-0.41,0.6791
Intercept,id 109559,-0.4956,1.1977,5396,-0.41,0.6791
Intercept,id 109570,1.2081,0.7283,5396,1.66,0.0972
Intercept,id 109581,-0.4956,1.1977,5396,-0.41,0.6791
Intercept,id 109627,-0.5377,1.1813,5396,-0.46,0.6490
Intercept,id 109638,-0.4956,1.1977,5396,-0.41,0.6791
Intercept,id 109649,-0.5377,1.1813,5396,-0.46,0.6490
Intercept,id 109671,-0.4956,1.1977,5396,-0.41,0.6791
Intercept,id 109682,-0.5377,1.1813,5396,-0.46,0.6490
Intercept,id 109693,0.5497,0.9108,5396,0.60,0.5462
Intercept,id 109706,-0.4956,1.1977,5396,-0.41,0.6791
Intercept,id 109717,-0.4956,1.1977,5396,-0.41,0.6791
Intercept,id 109728,1.3012,0.7368,5396,1.77,0.0775
Intercept,id 109739,-0.5377,1.1813,5396,-0.46,0.6490
Intercept,id 109750,0.6250,0.9244,5396,0.68,0.4990
Intercept,id 109761,0.6250,0.9244,5396,0.68,0.4990
Intercept,id 109783,-0.5377,1.1813,5396,-0.46,0.6490
Intercept,id 109794,-0.4956,1.1977,5396,-0.41,0.6791
Intercept,id 109807,-0.4956,1.1977,5396,-0.41,0.6791
Intercept,id 109818,-0.4075,1.2346,5396,-0.33,0.7414
Intercept,id 109851,-0.5377,1.1813,5396,-0.46,0.6490
Intercept,id 109862,0.5497,0.9108,5396,0.60,0.5462
Intercept,id 109895,-0.5377,1.1813,5396,-0.46,0.6490
Intercept,id 110057,0.7350,0.9452,5396,0.78,0.4368
Intercept,id 110068,1.2081,0.7283,5396,1.66,0.0972
Intercept,id 110079,-0.4368,1.2220,5396,-0.36,0.7208
Intercept,id 110248,-0.4368,1.2220,5396,-0.36,0.7208
Intercept,id 110483,0.7923,0.9567,5396,0.83,0.4076
Intercept,id 110494,1.4391,0.7499,5396,1.92,0.0550
Intercept,id 110529,1.9027,0.6274,5396,3.03,0.0024
Intercept,id 110540,0.7923,0.9567,5396,0.83,0.4076
Intercept,id 200013,1.0222,0.7124,5396,1.44,0.1513
Intercept,id 200024,-0.6276,1.1483,5396,-0.55,0.5847
Intercept,id 200035,-0.5718,1.1684,5396,-0.49,0.6246
Intercept,id 200046,-0.5718,1.1684,5396,-0.49,0.6246
Intercept,id 200057,1.8879,0.5339,5396,3.54,0.0004
Intercept,id 200068,-0.1730,1.3522,5396,-0.13,0.8982
Intercept,id 200090,-0.6276,1.1483,5396,-0.55,0.5847
Intercept,id 200103,2.9436,0.5009,5396,5.88,<.0001
Intercept,id 200114,1.3012,0.7368,5396,1.77,0.0775
Intercept,id 200125,-0.5718,1.1684,5396,-0.49,0.6246
Intercept,id 200136,-0.6276,1.1483,5396,-0.55,0.5847
Intercept,id 200147,1.8879,0.5339,5396,3.54,0.0004
Intercept,id 200158,-0.6276,1.1483,5396,-0.55,0.5847
Intercept,id 200169,-0.6276,1.1483,5396,-0.55,0.5847
Intercept,id 200180,1.0222,0.7124,5396,1.44,0.1513
Intercept,id 200191,2.2051,0.4359,5396,5.06,<.0001
Intercept,id 200204,-0.5718,1.1684,5396,-0.49,0.6246
Intercept,id 200226,1.5692,0.6095,5396,2.57,0.0101
Intercept,id 200237,-0.5718,1.1684,5396,-0.49,0.6246
Intercept,id 200281,1.4455,0.6031,5396,2.40,0.0166
Intercept,id 200292,2.2496,0.6483,5396,3.47,0.0005
Intercept,id 200305,-0.5718,1.1684,5396,-0.49,0.6246
Intercept,id 200327,1.1357,0.7221,5396,1.57,0.1158
Intercept,id 200393,-0.5718,1.1684,5396,-0.49,0.6246
Intercept,id 200428,1.5692,0.6095,5396,2.57,0.0101
Intercept,id 200674,-0.5718,1.1684,5396,-0.49,0.6246
Intercept,id 201383,-0.6276,1.1483,5396,-0.55,0.5847
Intercept,id 201418,2.0039,0.4761,5396,4.21,<.0001
Intercept,id 201596,-0.5718,1.1684,5396,-0.49,0.6246
Intercept,id 201631,1.7582,0.5293,5396,3.32,0.0009
Intercept,id 201653,2.2795,0.8494,5396,2.68,0.0073
Intercept,id 201686,-0.6276,1.1483,5396,-0.55,0.5847
Intercept,id 201765,-0.1804,1.3480,5396,-0.13,0.8935
Intercept,id 201798,0.4905,0.9007,5396,0.54,0.5861
Intercept,id 201811,1.4455,0.6031,5396,2.40,0.0166
Intercept,id 201844,1.5692,0.6095,5396,2.57,0.0101
Intercept,id 201912,-0.5718,1.1684,5396,-0.49,0.6246
Intercept,id 202037,-0.6276,1.1483,5396,-0.55,0.5847
Intercept,id 202105,1.1357,0.7221,5396,1.57,0.1158
Intercept,id 202182,0.6250,0.9244,5396,0.68,0.4990
Intercept,id 202283,2.7912,0.3589,5396,7.78,<.0001
Intercept,id 202373,-0.4368,1.2220,5396,-0.36,0.7208
Intercept,id 202384,-0.6276,1.1483,5396,-0.55,0.5847
Intercept,id 202395,1.0222,0.7124,5396,1.44,0.1513
Intercept,id 202408,-0.5718,1.1684,5396,-0.49,0.6246
Intercept,id 202496,-0.4956,1.1977,5396,-0.41,0.6791
Intercept,id 202509,1.1357,0.7221,5396,1.57,0.1158
Intercept,id 202531,1.4455,0.6031,5396,2.40,0.0166
Intercept,id 202542,1.0222,0.7124,5396,1.44,0.1513
Intercept,id 202597,-0.5718,1.1684,5396,-0.49,0.6246
Intercept,id 202610,-0.4956,1.1977,5396,-0.41,0.6791
Intercept,id 202744,-0.5718,1.1684,5396,-0.49,0.6246
Intercept,id 202788,-0.5718,1.1684,5396,-0.49,0.6246
Intercept,id 202799,-0.6276,1.1483,5396,-0.55,0.5847
Intercept,id 202801,-0.6276,1.1483,5396,-0.55,0.5847
Intercept,id 202812,-0.6276,1.1483,5396,-0.55,0.5847
Intercept,id 202823,-0.5718,1.1684,5396,-0.49,0.6246
Intercept,id 202834,-0.6276,1.1483,5396,-0.55,0.5847
Intercept,id 202845,-0.6276,1.1483,5396,-0.55,0.5847
Intercept,id 202867,-0.5718,1.1684,5396,-0.49,0.6246
Intercept,id 202889,-0.5718,1.1684,5396,-0.49,0.6246
Intercept,id 202913,-0.3028,1.2832,5396,-0.24,0.8135
Intercept,id 202935,2.8662,0.3824,5396,7.49,<.0001
Intercept,id 202979,3.1935,0.2996,5396,10.66,<.0001
Intercept,id 203016,0.7350,0.9452,5396,0.78,0.4368
Intercept,id 203071,-0.5718,1.1684,5396,-0.49,0.6246
Intercept,id 203207,2.5129,0.4064,5396,6.18,<.0001
Intercept,id 203262,-0.6276,1.1483,5396,-0.55,0.5847
Intercept,id 203341,1.4455,0.6031,5396,2.40,0.0166
Intercept,id 203431,0.3968,0.8852,5396,0.45,0.6540
Intercept,id 203475,-0.3203,1.2746,5396,-0.25,0.8016
Intercept,id 203486,1.4455,0.6031,5396,2.40,0.0166
Intercept,id 203497,-0.5718,1.1684,5396,-0.49,0.6246
Intercept,id 203510,1.0222,0.7124,5396,1.44,0.1513
Intercept,id 203521,0.4905,0.9007,5396,0.54,0.5861
Intercept,id 203532,0.3968,0.8852,5396,0.45,0.6540
Intercept,id 203576,0.3968,0.8852,5396,0.45,0.6540
Intercept,id 203598,1.8879,0.5339,5396,3.54,0.0004
Intercept,id 203622,1.0222,0.7124,5396,1.44,0.1513
Intercept,id 203633,0.6250,0.9244,5396,0.68,0.4990
Intercept,id 203701,0.3968,0.8852,5396,0.45,0.6540
Intercept,id 203745,1.9834,0.6321,5396,3.14,0.0017
Intercept,id 203767,-0.1730,1.3522,5396,-0.13,0.8982
Intercept,id 203846,1.8879,0.5339,5396,3.54,0.0004
Intercept,id 203890,1.0222,0.7124,5396,1.44,0.1513
Intercept,id 203925,0.4905,0.9007,5396,0.54,0.5861
Intercept,id 203947,2.9436,0.5009,5396,5.88,<.0001
Intercept,id 204006,2.5129,0.4064,5396,6.18,<.0001
Intercept,id 204039,1.3288,1.0897,5396,1.22,0.2227
Intercept,id 204050,-0.1804,1.3480,5396,-0.13,0.8935
Intercept,id 204072,1.8879,0.5339,5396,3.54,0.0004
Intercept,id 204107,-0.1804,1.3480,5396,-0.13,0.8935
Intercept,id 204129,2.6508,0.3572,5396,7.42,<.0001
Intercept,id 204162,-0.6276,1.1483,5396,-0.55,0.5847
Intercept,id 204208,2.1373,0.4796,5396,4.46,<.0001
Intercept,id 204241,3.2806,0.4179,5396,7.85,<.0001
Intercept,id 204263,1.5692,0.6095,5396,2.57,0.0101
Intercept,id 204320,-0.6276,1.1483,5396,-0.55,0.5847
Intercept,id 204342,-0.6276,1.1483,5396,-0.55,0.5847
Intercept,id 204432,-0.5718,1.1684,5396,-0.49,0.6246
Intercept,id 204476,-0.1804,1.3480,5396,-0.13,0.8935
Intercept,id 204566,1.7501,0.7825,5396,2.24,0.0254
Intercept,id 204599,-0.5377,1.1813,5396,-0.46,0.6490
Intercept,id 204612,1.5692,0.6095,5396,2.57,0.0101
Intercept,id 204656,1.9710,0.5364,5396,3.67,0.0002
Intercept,id 204702,-0.6276,1.1483,5396,-0.55,0.5847
Intercept,id 204825,0.3968,0.8852,5396,0.45,0.6540
Intercept,id 204847,-0.4956,1.1977,5396,-0.41,0.6791
Intercept,id 204904,0.7350,0.9452,5396,0.78,0.4368
Intercept,id 204926,2.8870,0.4114,5396,7.02,<.0001
Intercept,id 205007,2.3411,0.4386,5396,5.34,<.0001
Intercept,id 205040,2.9782,0.4130,5396,7.21,<.0001
Intercept,id 205062,0.5497,0.9108,5396,0.60,0.5462
Intercept,id 205073,0.3968,0.8852,5396,0.45,0.6540
Intercept,id 205084,1.4455,0.6031,5396,2.40,0.0166
Intercept,id 205152,2.2051,0.4359,5396,5.06,<.0001
Intercept,id 205174,-0.3028,1.2832,5396,-0.24,0.8135
Intercept,id 205185,1.0222,0.7124,5396,1.44,0.1513
Intercept,id 205264,2.3411,0.4386,5396,5.34,<.0001
Intercept,id 205310,-0.1804,1.3480,5396,-0.13,0.8935
Intercept,id 205376,1.3288,1.0897,5396,1.22,0.2227
Intercept,id 205444,-0.5718,1.1684,5396,-0.49,0.6246
Intercept,id 205455,2.2229,0.4812,5396,4.62,<.0001
Intercept,id 205499,0.4905,0.9007,5396,0.54,0.5861
Intercept,id 205556,-0.5377,1.1813,5396,-0.46,0.6490
Intercept,id 205578,-0.5377,1.1813,5396,-0.46,0.6490
Intercept,id 205589,-0.5718,1.1684,5396,-0.49,0.6246
Intercept,id 205602,2.5129,0.4064,5396,6.18,<.0001
Intercept,id 205613,1.0222,0.7124,5396,1.44,0.1513
Intercept,id 205758,-0.3203,1.2746,5396,-0.25,0.8016
Intercept,id 205927,-0.6276,1.1483,5396,-0.55,0.5847
Intercept,id 205949,-0.1730,1.3522,5396,-0.13,0.8982
Intercept,id 205971,2.3750,0.4042,5396,5.88,<.0001
Intercept,id 205982,-0.5718,1.1684,5396,-0.49,0.6246
Intercept,id 206052,2.3411,0.4386,5396,5.34,<.0001
Intercept,id 206074,1.7582,0.5293,5396,3.32,0.0009
Intercept,id 206153,-0.5718,1.1684,5396,-0.49,0.6246
Intercept,id 206210,-0.5377,1.1813,5396,-0.46,0.6490
Intercept,id 206232,0.7350,0.9452,5396,0.78,0.4368
Intercept,id 206254,-0.4956,1.1977,5396,-0.41,0.6791
Intercept,id 206265,1.0222,0.7124,5396,1.44,0.1513
Intercept,id 206298,0.6250,0.9244,5396,0.68,0.4990
Intercept,id 206366,0.3968,0.8852,5396,0.45,0.6540
Intercept,id 206388,2.0039,0.4761,5396,4.21,<.0001
Intercept,id 206399,1.0222,0.7124,5396,1.44,0.1513
Intercept,id 206412,-0.5718,1.1684,5396,-0.49,0.6246
Intercept,id 206456,0.3968,0.8852,5396,0.45,0.6540
Intercept,id 206489,-0.3203,1.2746,5396,-0.25,0.8016
Intercept,id 206513,1.0222,0.7124,5396,1.44,0.1513
Intercept,id 206557,-0.5377,1.1813,5396,-0.46,0.6490
Intercept,id 206658,1.8029,0.7885,5396,2.29,0.0223
Intercept,id 206680,-0.5718,1.1684,5396,-0.49,0.6246
Intercept,id 206704,0.9750,0.9963,5396,0.98,0.3278
Intercept,id 206838,1.7582,0.5293,5396,3.32,0.0009
Intercept,id 206860,1.5692,0.6095,5396,2.57,0.0101
Intercept,id 206972,-0.6276,1.1483,5396,-0.55,0.5847
Intercept,id 206994,0.3968,0.8852,5396,0.45,0.6540
Intercept,id 207009,0.4905,0.9007,5396,0.54,0.5861
Intercept,id 207042,0.4905,0.9007,5396,0.54,0.5861
Intercept,id 207132,-0.5377,1.1813,5396,-0.46,0.6490
Intercept,id 207187,0.7923,0.9567,5396,0.83,0.4076
Intercept,id 207569,1.1357,0.7221,5396,1.57,0.1158
Intercept,id 207580,2.4284,0.4397,5396,5.52,<.0001
Intercept,id 207626,-0.6276,1.1483,5396,-0.55,0.5847
Intercept,id 207648,1.9027,0.6274,5396,3.03,0.0024
Intercept,id 207692,1.1357,0.7221,5396,1.57,0.1158
Intercept,id 207738,0.5497,0.9108,5396,0.60,0.5462
Intercept,id 207817,-0.5718,1.1684,5396,-0.49,0.6246
Intercept,id 207828,0.4905,0.9007,5396,0.54,0.5861
Intercept,id 207883,1.2081,0.7283,5396,1.66,0.0972
Intercept,id 207962,3.1064,0.3115,5396,9.97,<.0001
Intercept,id 208087,2.2466,0.8448,5396,2.66,0.0079
Intercept,id 208155,2.2229,0.4812,5396,4.62,<.0001
Intercept,id 208245,-0.4956,1.1977,5396,-0.41,0.6791
Intercept,id 208324,0.7923,0.9567,5396,0.83,0.4076
Intercept,id 208414,2.2229,0.4812,5396,4.62,<.0001
Intercept,id 208458,-0.4956,1.1977,5396,-0.41,0.6791
Intercept,id 208504,1.5692,0.6095,5396,2.57,0.0101
Intercept,id 208638,-0.6276,1.1483,5396,-0.55,0.5847
Intercept,id 208706,-0.5718,1.1684,5396,-0.49,0.6246
Intercept,id 208728,-0.5377,1.1813,5396,-0.46,0.6490
Intercept,id 208739,0.5497,0.9108,5396,0.60,0.5462
Intercept,id 208783,1.4455,0.6031,5396,2.40,0.0166
Intercept,id 208807,-0.3203,1.2746,5396,-0.25,0.8016
Intercept,id 208840,-0.5377,1.1813,5396,-0.46,0.6490
Intercept,id 208851,0.6250,0.9244,5396,0.68,0.4990
Intercept,id 208873,0.6250,0.9244,5396,0.68,0.4990
Intercept,id 208884,1.7506,0.6190,5396,2.83,0.0047
Intercept,id 208930,0.6250,0.9244,5396,0.68,0.4990
Intercept,id 208941,-0.4368,1.2220,5396,-0.36,0.7208
Intercept,id 208952,2.2795,0.8494,5396,2.68,0.0073
Intercept,id 208963,1.2081,0.7283,5396,1.66,0.0972
Intercept,id 208974,2.7158,0.4091,5396,6.64,<.0001
Intercept,id 208985,1.3507,1.0964,5396,1.23,0.2180
Intercept,id 208996,0.5497,0.9108,5396,0.60,0.5462
Intercept,id 209000,2.2229,0.4812,5396,4.62,<.0001
Intercept,id 209011,0.6250,0.9244,5396,0.68,0.4990
Intercept,id 209022,0.5497,0.9108,5396,0.60,0.5462
Intercept,id 209033,-0.6276,1.1483,5396,-0.55,0.5847
Intercept,id 209268,1.6484,0.6134,5396,2.69,0.0072
Intercept,id 209538,1.2081,0.7283,5396,1.66,0.0972
Intercept,id 209672,-0.4956,1.1977,5396,-0.41,0.6791
Intercept,id 209718,0.5497,0.9108,5396,0.60,0.5462
Intercept,id 209751,-0.1804,1.3480,5396,-0.13,0.8935
Intercept,id 209841,0.6250,0.9244,5396,0.68,0.4990
Intercept,id 209852,-0.4075,1.2346,5396,-0.33,0.7414
Intercept,id 209863,1.7506,0.6190,5396,2.83,0.0047
Intercept,id 209874,1.9710,0.5364,5396,3.67,0.0002
Intercept,id 209885,2.3335,0.4842,5396,4.82,<.0001
Intercept,id 209896,-0.4956,1.1977,5396,-0.41,0.6791
Intercept,id 209909,1.7506,0.6190,5396,2.83,0.0047
Intercept,id 209931,0.7923,0.9567,5396,0.83,0.4076
Intercept,id 209942,1.6484,0.6134,5396,2.69,0.0072
Intercept,id 209953,-0.3028,1.2832,5396,-0.24,0.8135
Intercept,id 209975,2.7505,0.3808,5396,7.22,<.0001
Intercept,id 209986,2.8814,0.3591,5396,8.02,<.0001
Intercept,id 209997,0.5497,0.9108,5396,0.60,0.5462
Intercept,id 210003,0.5497,0.9108,5396,0.60,0.5462
Intercept,id 210014,-0.5377,1.1813,5396,-0.46,0.6490
Intercept,id 210025,2.3335,0.4842,5396,4.82,<.0001
Intercept,id 210036,0.5497,0.9108,5396,0.60,0.5462
Intercept,id 210091,-0.5377,1.1813,5396,-0.46,0.6490
Intercept,id 210216,1.5119,0.7572,5396,2.00,0.0459
Intercept,id 210372,1.3012,0.7368,5396,1.77,0.0775
Intercept,id 210440,1.3012,0.7368,5396,1.77,0.0775
Intercept,id 210462,0.9750,0.9963,5396,0.98,0.3278
Intercept,id 210484,1.2081,0.7283,5396,1.66,0.0972
Intercept,id 210508,-0.4956,1.1977,5396,-0.41,0.6791
Intercept,id 210530,0.6250,0.9244,5396,0.68,0.4990
Intercept,id 210596,-0.5377,1.1813,5396,-0.46,0.6490
Intercept,id 210609,2.4988,0.4883,5396,5.12,<.0001
Intercept,id 210697,-0.4956,1.1977,5396,-0.41,0.6791
Intercept,id 210710,-0.5377,1.1813,5396,-0.46,0.6490
Intercept,id 210877,1.3012,0.7368,5396,1.77,0.0775
Intercept,id 210967,1.3012,0.7368,5396,1.77,0.0775
Intercept,id 211059,-0.4956,1.1977,5396,-0.41,0.6791
Intercept,id 211105,1.2081,0.7283,5396,1.66,0.0972
Intercept,id 211116,-0.5377,1.1813,5396,-0.46,0.6490
Intercept,id 211127,-0.4368,1.2220,5396,-0.36,0.7208
Intercept,id 211149,-0.4075,1.2346,5396,-0.33,0.7414
Intercept,id 211160,-0.4956,1.1977,5396,-0.41,0.6791
Intercept,id 211239,1.7501,0.7825,5396,2.24,0.0254
Intercept,id 211395,-0.4956,1.1977,5396,-0.41,0.6791
Intercept,id 211408,2.9782,0.4130,5396,7.21,<.0001
Intercept,id 211711,1.9710,0.5364,5396,3.67,0.0002
Intercept,id 211755,-0.4956,1.1977,5396,-0.41,0.6791
Intercept,id 211766,-0.5377,1.1813,5396,-0.46,0.6490
Intercept,id 211777,1.7506,0.6190,5396,2.83,0.0047
Intercept,id 211799,0.6250,0.9244,5396,0.68,0.4990
Intercept,id 211801,2.7505,0.3808,5396,7.22,<.0001
Intercept,id 211812,-0.4956,1.1977,5396,-0.41,0.6791
Intercept,id 211823,-0.4368,1.2220,5396,-0.36,0.7208
Intercept,id 211979,-0.4956,1.1977,5396,-0.41,0.6791
Intercept,id 211990,-0.5377,1.1813,5396,-0.46,0.6490
Intercept,id 212005,-0.5377,1.1813,5396,-0.46,0.6490
Intercept,id 212016,-0.4368,1.2220,5396,-0.36,0.7208
Intercept,id 212027,2.0784,0.5403,5396,3.85,0.0001
Intercept,id 212038,0.5497,0.9108,5396,0.60,0.5462
Intercept,id 212071,-0.4956,1.1977,5396,-0.41,0.6791
Intercept,id 212082,-0.4075,1.2346,5396,-0.33,0.7414
Intercept,id 212093,1.0145,1.0056,5396,1.01,0.3131
Intercept,id 212106,-0.3203,1.2746,5396,-0.25,0.8016
Intercept,id 212117,-0.4075,1.2346,5396,-0.33,0.7414
Intercept,id 212139,-0.4368,1.2220,5396,-0.36,0.7208
Intercept,id 212150,-0.5377,1.1813,5396,-0.46,0.6490
Intercept,id 212172,-0.1730,1.3522,5396,-0.13,0.8982
Intercept,id 212183,0.6250,0.9244,5396,0.68,0.4990
Intercept,id 212194,-0.4368,1.2220,5396,-0.36,0.7208
Intercept,id 212207,-0.4956,1.1977,5396,-0.41,0.6791
Intercept,id 212218,1.6484,0.6134,5396,2.69,0.0072
Intercept,id 212240,-0.4956,1.1977,5396,-0.41,0.6791
Intercept,id 212251,-0.5377,1.1813,5396,-0.46,0.6490
Intercept,id 212262,-0.4368,1.2220,5396,-0.36,0.7208
Intercept,id 212273,2.9979,0.3604,5396,8.32,<.0001
Intercept,id 212284,-0.4956,1.1977,5396,-0.41,0.6791
Intercept,id 212295,-0.5377,1.1813,5396,-0.46,0.6490
Intercept,id 212308,1.2081,0.7283,5396,1.66,0.0972
Intercept,id 212835,-0.4956,1.1977,5396,-0.41,0.6791
Intercept,id 212925,1.7506,0.6190,5396,2.83,0.0047
Intercept,id 212936,1.6484,0.6134,5396,2.69,0.0072
Intercept,id 212947,-0.4956,1.1977,5396,-0.41,0.6791
Intercept,id 212958,1.9027,0.6274,5396,3.03,0.0024
Intercept,id 213487,2.2229,0.4812,5396,4.62,<.0001
Intercept,id 213588,2.9979,0.3604,5396,8.32,<.0001
Intercept,id 213689,2.3091,0.6522,5396,3.54,0.0004
Intercept,id 213746,2.2466,0.8448,5396,2.66,0.0079
Intercept,id 213814,-0.4956,1.1977,5396,-0.41,0.6791
Intercept,id 213847,3.0392,0.3843,5396,7.91,<.0001
Intercept,id 213869,-0.5377,1.1813,5396,-0.46,0.6490
Intercept,id 213915,2.3335,0.4842,5396,4.82,<.0001
Intercept,id 213926,0.7350,0.9452,5396,0.78,0.4368
Intercept,id 214264,-0.4956,1.1977,5396,-0.41,0.6791
Intercept,id 214365,0.7923,0.9567,5396,0.83,0.4076
Intercept,id 214534,2.6014,0.4071,5396,6.39,<.0001
Intercept,id 214714,-0.4075,1.2346,5396,-0.33,0.7414
Intercept,id 215008,0.5497,0.9108,5396,0.60,0.5462
Intercept,id 215030,-0.4956,1.1977,5396,-0.41,0.6791
Intercept,id 215120,-0.5377,1.1813,5396,-0.46,0.6490
Intercept,id 215153,-0.4956,1.1977,5396,-0.41,0.6791
Intercept,id 215243,-0.5377,1.1813,5396,-0.46,0.6490
Intercept,id 215298,1.5119,0.7572,5396,2.00,0.0459
Intercept,id 215434,-0.5377,1.1813,5396,-0.46,0.6490
Intercept,id 215478,0.6250,0.9244,5396,0.68,0.4990
Intercept,id 215502,-0.3203,1.2746,5396,-0.25,0.8016
Intercept,id 215636,1.4391,0.7499,5396,1.92,0.0550
Intercept,id 215691,1.0145,1.0056,5396,1.01,0.3131
Intercept,id 216031,-0.4368,1.2220,5396,-0.36,0.7208
Intercept,id 216075,0.7350,0.9452,5396,0.78,0.4368
Intercept,id 216097,2.2386,0.5461,5396,4.10,<.0001
Intercept,id 216176,-0.4075,1.2346,5396,-0.33,0.7414
Intercept,id 216187,-0.4368,1.2220,5396,-0.36,0.7208
Intercept,id 216198,1.9834,0.6321,5396,3.14,0.0017
Intercept,id 216200,-0.3028,1.2832,5396,-0.24,0.8135
Intercept,id 216211,-0.4075,1.2346,5396,-0.33,0.7414
Intercept,id 216222,-0.4368,1.2220,5396,-0.36,0.7208
Intercept,id 30,-0.5718,1.1684,5396,-0.49,0.6246
Intercept,id 300014,-0.6276,1.1483,5396,-0.55,0.5847
Intercept,id 300036,1.1357,0.7221,5396,1.57,0.1158
Intercept,id 300058,0.4905,0.9007,5396,0.54,0.5861
Intercept,id 300069,0.4905,0.9007,5396,0.54,0.5861
Intercept,id 300115,-0.5718,1.1684,5396,-0.49,0.6246
Intercept,id 300126,-0.5718,1.1684,5396,-0.49,0.6246
Intercept,id 300159,2.7100,0.4451,5396,6.09,<.0001
Intercept,id 300170,1.7582,0.5293,5396,3.32,0.0009
Intercept,id 300181,2.2051,0.4359,5396,5.06,<.0001
Intercept,id 300238,0.4905,0.9007,5396,0.54,0.5861
Intercept,id 300249,-0.4368,1.2220,5396,-0.36,0.7208
Intercept,id 300260,-0.1804,1.3480,5396,-0.13,0.8935
Intercept,id 300282,-0.6276,1.1483,5396,-0.55,0.5847
Intercept,id 300293,-0.3028,1.2832,5396,-0.24,0.8135
Intercept,id 300317,1.0222,0.7124,5396,1.44,0.1513
Intercept,id 300328,1.5692,0.6095,5396,2.57,0.0101
Intercept,id 300361,1.0222,0.7124,5396,1.44,0.1513
Intercept,id 300372,1.4455,0.6031,5396,2.40,0.0166
Intercept,id 300418,-0.5718,1.1684,5396,-0.49,0.6246
Intercept,id 300440,2.3750,0.4042,5396,5.88,<.0001
Intercept,id 300451,1.2081,0.7283,5396,1.66,0.0972
Intercept,id 300462,0.3968,0.8852,5396,0.45,0.6540
Intercept,id 300473,0.4905,0.9007,5396,0.54,0.5861
Intercept,id 300495,1.7582,0.5293,5396,3.32,0.0009
Intercept,id 300508,-0.5718,1.1684,5396,-0.49,0.6246
Intercept,id 300519,2.1373,0.4796,5396,4.46,<.0001
Intercept,id 300574,-0.6276,1.1483,5396,-0.55,0.5847
Intercept,id 300585,-0.5718,1.1684,5396,-0.49,0.6246
Intercept,id 300596,2.5218,0.3785,5396,6.66,<.0001
Intercept,id 300609,-0.5718,1.1684,5396,-0.49,0.6246
Intercept,id 300620,-0.4956,1.1977,5396,-0.41,0.6791
Intercept,id 300653,2.3411,0.4386,5396,5.34,<.0001
Intercept,id 300743,2.6508,0.3572,5396,7.42,<.0001
Intercept,id 301048,0.4905,0.9007,5396,0.54,0.5861
Intercept,id 301059,-0.5718,1.1684,5396,-0.49,0.6246
Intercept,id 301127,0.4905,0.9007,5396,0.54,0.5861
Intercept,id 301138,-0.6276,1.1483,5396,-0.55,0.5847
Intercept,id 301149,3.4178,0.2710,5396,12.61,<.0001
Intercept,id 301182,-0.6276,1.1483,5396,-0.55,0.5847
Intercept,id 301206,-0.5718,1.1684,5396,-0.49,0.6246
Intercept,id 301228,2.7658,0.3392,5396,8.15,<.0001
Intercept,id 301250,-0.1804,1.3480,5396,-0.13,0.8935
Intercept,id 301307,1.0222,0.7124,5396,1.44,0.1513
Intercept,id 301318,-0.5718,1.1684,5396,-0.49,0.6246
Intercept,id 301329,-0.5718,1.1684,5396,-0.49,0.6246
Intercept,id 301351,1.0145,1.0056,5396,1.01,0.3131
Intercept,id 301384,0.4905,0.9007,5396,0.54,0.5861
Intercept,id 301408,-0.6276,1.1483,5396,-0.55,0.5847
Intercept,id 301419,2.1373,0.4796,5396,4.46,<.0001
Intercept,id 301430,-0.5718,1.1684,5396,-0.49,0.6246
Intercept,id 301485,0.3968,0.8852,5396,0.45,0.6540
Intercept,id 301496,-0.1804,1.3480,5396,-0.13,0.8935
Intercept,id 301520,0.4905,0.9007,5396,0.54,0.5861
Intercept,id 301610,1.0222,0.7124,5396,1.44,0.1513
Intercept,id 301621,-0.6276,1.1483,5396,-0.55,0.5847
Intercept,id 301632,-0.5718,1.1684,5396,-0.49,0.6246
Intercept,id 301676,-0.5718,1.1684,5396,-0.49,0.6246
Intercept,id 301801,-0.6276,1.1483,5396,-0.55,0.5847
Intercept,id 301812,0.4905,0.9007,5396,0.54,0.5861
Intercept,id 301856,0.4905,0.9007,5396,0.54,0.5861
Intercept,id 301946,-0.5718,1.1684,5396,-0.49,0.6246
Intercept,id 302319,1.5692,0.6095,5396,2.57,0.0101
Intercept,id 302363,0.5497,0.9108,5396,0.60,0.5462
Intercept,id 302374,-0.1730,1.3522,5396,-0.13,0.8982
Intercept,id 302431,-0.5718,1.1684,5396,-0.49,0.6246
Intercept,id 302442,1.1357,0.7221,5396,1.57,0.1158
Intercept,id 302453,1.7582,0.5293,5396,3.32,0.0009
Intercept,id 302475,0.3968,0.8852,5396,0.45,0.6540
Intercept,id 302510,-0.4956,1.1977,5396,-0.41,0.6791
Intercept,id 302576,-0.6276,1.1483,5396,-0.55,0.5847
Intercept,id 302587,-0.5718,1.1684,5396,-0.49,0.6246
Intercept,id 302598,1.0222,0.7124,5396,1.44,0.1513
Intercept,id 302600,-0.5718,1.1684,5396,-0.49,0.6246
Intercept,id 302611,-0.3028,1.2832,5396,-0.24,0.8135
Intercept,id 302622,-0.6276,1.1483,5396,-0.55,0.5847
Intercept,id 302633,-0.5718,1.1684,5396,-0.49,0.6246
Intercept,id 302644,-0.6276,1.1483,5396,-0.55,0.5847
Intercept,id 302688,1.0222,0.7124,5396,1.44,0.1513
Intercept,id 302699,1.7506,0.6190,5396,2.83,0.0047
Intercept,id 302701,-0.6276,1.1483,5396,-0.55,0.5847
Intercept,id 302712,-0.5718,1.1684,5396,-0.49,0.6246
Intercept,id 302723,0.3968,0.8852,5396,0.45,0.6540
Intercept,id 302734,1.0222,0.7124,5396,1.44,0.1513
Intercept,id 302767,-0.5718,1.1684,5396,-0.49,0.6246
Intercept,id 302846,-0.5718,1.1684,5396,-0.49,0.6246
Intercept,id 302879,0.4905,0.9007,5396,0.54,0.5861
Intercept,id 302969,-0.1730,1.3522,5396,-0.13,0.8982
Intercept,id 302991,2.7912,0.3589,5396,7.78,<.0001
Intercept,id 303028,0.6250,0.9244,5396,0.68,0.4990
Intercept,id 303050,-0.3203,1.2746,5396,-0.25,0.8016
Intercept,id 303061,0.3968,0.8852,5396,0.45,0.6540
Intercept,id 303094,1.5692,0.6095,5396,2.57,0.0101
Intercept,id 303118,0.5497,0.9108,5396,0.60,0.5462
Intercept,id 303129,-0.4956,1.1977,5396,-0.41,0.6791
Intercept,id 303162,1.7506,0.6190,5396,2.83,0.0047
Intercept,id 303173,-0.5718,1.1684,5396,-0.49,0.6246
Intercept,id 303184,-0.6276,1.1483,5396,-0.55,0.5847
Intercept,id 303230,-0.4956,1.1977,5396,-0.41,0.6791
Intercept,id 303263,-0.5377,1.1813,5396,-0.46,0.6490
Intercept,id 303274,0.4905,0.9007,5396,0.54,0.5861
Intercept,id 303296,-0.6276,1.1483,5396,-0.55,0.5847
Intercept,id 303320,0.6250,0.9244,5396,0.68,0.4990
Intercept,id 303331,-0.5377,1.1813,5396,-0.46,0.6490
Intercept,id 303353,0.3968,0.8852,5396,0.45,0.6540
Intercept,id 303364,-0.6276,1.1483,5396,-0.55,0.5847
Intercept,id 303375,-0.3203,1.2746,5396,-0.25,0.8016
Intercept,id 303443,-0.5718,1.1684,5396,-0.49,0.6246
Intercept,id 303454,-0.5377,1.1813,5396,-0.46,0.6490
Intercept,id 303476,-0.5718,1.1684,5396,-0.49,0.6246
Intercept,id 303566,2.3750,0.4042,5396,5.88,<.0001
Intercept,id 303588,-0.6276,1.1483,5396,-0.55,0.5847
Intercept,id 303599,-0.4956,1.1977,5396,-0.41,0.6791
Intercept,id 303601,1.3012,0.7368,5396,1.77,0.0775
Intercept,id 303645,-0.5718,1.1684,5396,-0.49,0.6246
Intercept,id 303656,-0.6276,1.1483,5396,-0.55,0.5847
Intercept,id 303667,-0.4075,1.2346,5396,-0.33,0.7414
Intercept,id 303689,1.1357,0.7221,5396,1.57,0.1158
Intercept,id 303724,-0.5377,1.1813,5396,-0.46,0.6490
Intercept,id 303779,0.6250,0.9244,5396,0.68,0.4990
Intercept,id 303814,1.0222,0.7124,5396,1.44,0.1513
Intercept,id 303836,-0.6276,1.1483,5396,-0.55,0.5847
Intercept,id 303926,-0.5718,1.1684,5396,-0.49,0.6246
Intercept,id 303937,1.2081,0.7283,5396,1.66,0.0972
Intercept,id 303948,-0.5377,1.1813,5396,-0.46,0.6490
Intercept,id 303970,-0.4956,1.1977,5396,-0.41,0.6791
Intercept,id 303992,0.5497,0.9108,5396,0.60,0.5462
Intercept,id 304007,4.4499,0.1643,5396,27.09,<.0001
Intercept,id 304018,-0.1804,1.3480,5396,-0.13,0.8935
Intercept,id 304029,-0.5718,1.1684,5396,-0.49,0.6246
Intercept,id 304040,-0.6276,1.1483,5396,-0.55,0.5847
Intercept,id 304062,0.4905,0.9007,5396,0.54,0.5861
Intercept,id 304095,4.6977,0.1586,5396,29.62,<.0001
Intercept,id 304152,0.5497,0.9108,5396,0.60,0.5462
Intercept,id 304220,-0.6276,1.1483,5396,-0.55,0.5847
Intercept,id 304343,2.8662,0.3824,5396,7.49,<.0001
Intercept,id 304354,0.9750,0.9963,5396,0.98,0.3278
Intercept,id 304398,-0.5718,1.1684,5396,-0.49,0.6246
Intercept,id 304411,-0.5377,1.1813,5396,-0.46,0.6490
Intercept,id 304433,-0.6276,1.1483,5396,-0.55,0.5847
Intercept,id 304512,1.4455,0.6031,5396,2.40,0.0166
Intercept,id 304523,1.3288,1.0897,5396,1.22,0.2227
Intercept,id 304534,1.0222,0.7124,5396,1.44,0.1513
Intercept,id 304567,-0.5718,1.1684,5396,-0.49,0.6246
Intercept,id 304635,2.9978,0.3407,5396,8.80,<.0001
Intercept,id 304646,0.6250,0.9244,5396,0.68,0.4990
Intercept,id 304657,1.5692,0.6095,5396,2.57,0.0101
Intercept,id 304736,1.3012,0.7368,5396,1.77,0.0775
Intercept,id 304780,1.2081,0.7283,5396,1.66,0.0972
Intercept,id 304815,2.6508,0.3572,5396,7.42,<.0001
Intercept,id 304881,0.4905,0.9007,5396,0.54,0.5861
Intercept,id 304905,1.8879,0.5339,5396,3.54,0.0004
Intercept,id 304949,-0.5377,1.1813,5396,-0.46,0.6490
Intercept,id 304982,-0.5377,1.1813,5396,-0.46,0.6490
Intercept,id 305030,-0.4956,1.1977,5396,-0.41,0.6791
Intercept,id 305120,-0.4956,1.1977,5396,-0.41,0.6791
Intercept,id 305131,0.4905,0.9007,5396,0.54,0.5861
Intercept,id 305142,0.4905,0.9007,5396,0.54,0.5861
Intercept,id 305186,0.3968,0.8852,5396,0.45,0.6540
Intercept,id 305265,-0.5377,1.1813,5396,-0.46,0.6490
Intercept,id 305276,1.7582,0.5293,5396,3.32,0.0009
Intercept,id 305535,1.6484,0.6134,5396,2.69,0.0072
Intercept,id 305546,1.7506,0.6190,5396,2.83,0.0047
Intercept,id 305568,1.4455,0.6031,5396,2.40,0.0166
Intercept,id 305579,0.5497,0.9108,5396,0.60,0.5462
Intercept,id 305614,-0.5377,1.1813,5396,-0.46,0.6490
Intercept,id 305625,-0.4956,1.1977,5396,-0.41,0.6791
Intercept,id 305636,-0.4956,1.1977,5396,-0.41,0.6791
Intercept,id 305669,2.5218,0.3785,5396,6.66,<.0001
Intercept,id 305737,0.4905,0.9007,5396,0.54,0.5861
Intercept,id 305759,2.3335,0.4842,5396,4.82,<.0001
Intercept,id 305792,1.0222,0.7124,5396,1.44,0.1513
Intercept,id 305816,-0.6276,1.1483,5396,-0.55,0.5847
Intercept,id 305827,0.3968,0.8852,5396,0.45,0.6540
Intercept,id 305838,0.3968,0.8852,5396,0.45,0.6540
Intercept,id 305893,2.4284,0.4397,5396,5.52,<.0001
Intercept,id 305906,-0.5377,1.1813,5396,-0.46,0.6490
Intercept,id 305928,-0.4956,1.1977,5396,-0.41,0.6791
Intercept,id 305972,3.3660,0.2885,5396,11.67,<.0001
Intercept,id 305983,0.4905,0.9007,5396,0.54,0.5861
Intercept,id 306009,-0.4956,1.1977,5396,-0.41,0.6791
Intercept,id 306020,1.3012,0.7368,5396,1.77,0.0775
Intercept,id 306086,-0.5718,1.1684,5396,-0.49,0.6246
Intercept,id 306097,-0.5377,1.1813,5396,-0.46,0.6490
Intercept,id 306121,-0.5377,1.1813,5396,-0.46,0.6490
Intercept,id 306143,-0.6276,1.1483,5396,-0.55,0.5847
Intercept,id 306200,-0.4956,1.1977,5396,-0.41,0.6791
Intercept,id 306211,-0.5377,1.1813,5396,-0.46,0.6490
Intercept,id 306323,-0.5377,1.1813,5396,-0.46,0.6490
Intercept,id 306345,3.4852,0.2894,5396,12.04,<.0001
Intercept,id 306356,0.3968,0.8852,5396,0.45,0.6540
Intercept,id 306367,0.3968,0.8852,5396,0.45,0.6540
Intercept,id 306378,-0.6276,1.1483,5396,-0.55,0.5847
Intercept,id 306389,1.5119,0.7572,5396,2.00,0.0459
Intercept,id 306413,1.4455,0.6031,5396,2.40,0.0166
Intercept,id 306490,0.6250,0.9244,5396,0.68,0.4990
Intercept,id 306738,1.3012,0.7368,5396,1.77,0.0775
Intercept,id 306760,-0.5377,1.1813,5396,-0.46,0.6490
Intercept,id 306839,-0.6276,1.1483,5396,-0.55,0.5847
Intercept,id 306883,-0.4956,1.1977,5396,-0.41,0.6791
Intercept,id 306894,-0.5377,1.1813,5396,-0.46,0.6490
Intercept,id 306929,2.2466,0.8448,5396,2.66,0.0079
Intercept,id 306962,1.3012,0.7368,5396,1.77,0.0775
Intercept,id 307122,-0.4956,1.1977,5396,-0.41,0.6791
Intercept,id 307177,0.5497,0.9108,5396,0.60,0.5462
Intercept,id 307188,0.5497,0.9108,5396,0.60,0.5462
Intercept,id 307346,-0.1804,1.3480,5396,-0.13,0.8935
Intercept,id 307425,0.5497,0.9108,5396,0.60,0.5462
Intercept,id 307537,1.9027,0.6274,5396,3.03,0.0024
Intercept,id 307616,1.4455,0.6031,5396,2.40,0.0166
Intercept,id 307627,-0.4956,1.1977,5396,-0.41,0.6791
Intercept,id 307638,2.2229,0.4812,5396,4.62,<.0001
Intercept,id 307660,-0.5718,1.1684,5396,-0.49,0.6246
Intercept,id 307671,-0.3203,1.2746,5396,-0.25,0.8016
Intercept,id 307682,-0.5718,1.1684,5396,-0.49,0.6246
Intercept,id 307693,-0.5377,1.1813,5396,-0.46,0.6490
Intercept,id 307706,-0.6276,1.1483,5396,-0.55,0.5847
Intercept,id 307717,0.4905,0.9007,5396,0.54,0.5861
Intercept,id 307728,1.2081,0.7283,5396,1.66,0.0972
Intercept,id 307750,-0.5718,1.1684,5396,-0.49,0.6246
Intercept,id 307794,0.6250,0.9244,5396,0.68,0.4990
Intercept,id 307807,1.0222,0.7124,5396,1.44,0.1513
Intercept,id 307829,-0.5718,1.1684,5396,-0.49,0.6246
Intercept,id 307840,0.3968,0.8852,5396,0.45,0.6540
Intercept,id 307851,-0.4956,1.1977,5396,-0.41,0.6791
Intercept,id 307862,0.6250,0.9244,5396,0.68,0.4990
Intercept,id 307873,-0.5718,1.1684,5396,-0.49,0.6246
Intercept,id 307884,-0.5377,1.1813,5396,-0.46,0.6490
Intercept,id 307895,-0.6276,1.1483,5396,-0.55,0.5847
Intercept,id 307908,-0.5377,1.1813,5396,-0.46,0.6490
Intercept,id 307919,1.3012,0.7368,5396,1.77,0.0775
Intercept,id 307930,1.3012,0.7368,5396,1.77,0.0775
Intercept,id 307941,1.3507,1.0964,5396,1.23,0.2180
Intercept,id 307952,-0.5718,1.1684,5396,-0.49,0.6246
Intercept,id 307963,1.3012,0.7368,5396,1.77,0.0775
Intercept,id 307974,2.8662,0.3824,5396,7.49,<.0001
Intercept,id 308000,-0.4956,1.1977,5396,-0.41,0.6791
Intercept,id 308011,-0.5377,1.1813,5396,-0.46,0.6490
Intercept,id 308022,2.8662,0.3824,5396,7.49,<.0001
Intercept,id 308033,-0.4368,1.2220,5396,-0.36,0.7208
Intercept,id 308044,-0.5377,1.1813,5396,-0.46,0.6490
Intercept,id 308055,-0.5377,1.1813,5396,-0.46,0.6490
Intercept,id 308066,0.5497,0.9108,5396,0.60,0.5462
Intercept,id 308077,-0.5377,1.1813,5396,-0.46,0.6490
Intercept,id 308088,-0.4956,1.1977,5396,-0.41,0.6791
Intercept,id 308099,-0.5377,1.1813,5396,-0.46,0.6490
Intercept,id 308202,0.5497,0.9108,5396,0.60,0.5462
Intercept,id 308235,-0.5377,1.1813,5396,-0.46,0.6490
Intercept,id 308279,2.7505,0.3808,5396,7.22,<.0001
Intercept,id 308290,-0.5377,1.1813,5396,-0.46,0.6490
Intercept,id 308303,-0.5377,1.1813,5396,-0.46,0.6490
Intercept,id 308325,2.5412,0.4420,5396,5.75,<.0001
Intercept,id 308369,1.2081,0.7283,5396,1.66,0.0972
Intercept,id 308380,-0.4075,1.2346,5396,-0.33,0.7414
Intercept,id 400092,0.3968,0.8852,5396,0.45,0.6540
Intercept,id 400105,-0.5718,1.1684,5396,-0.49,0.6246
Intercept,id 400116,0.4905,0.9007,5396,0.54,0.5861
Intercept,id 400127,-0.5718,1.1684,5396,-0.49,0.6246
Intercept,id 400138,0.3968,0.8852,5396,0.45,0.6540
Intercept,id 400160,-0.1804,1.3480,5396,-0.13,0.8935
Intercept,id 400171,2.0039,0.4761,5396,4.21,<.0001
Intercept,id 400182,-0.4368,1.2220,5396,-0.36,0.7208
Intercept,id 400193,-0.6276,1.1483,5396,-0.55,0.5847
Intercept,id 400206,-0.5718,1.1684,5396,-0.49,0.6246
Intercept,id 400217,-0.5718,1.1684,5396,-0.49,0.6246
Intercept,id 400228,0.3968,0.8852,5396,0.45,0.6540
Intercept,id 400250,1.1357,0.7221,5396,1.57,0.1158
Intercept,id 400261,-0.6276,1.1483,5396,-0.55,0.5847
Intercept,id 400272,1.4455,0.6031,5396,2.40,0.0166
Intercept,id 400283,-0.5718,1.1684,5396,-0.49,0.6246
Intercept,id 400294,-0.6276,1.1483,5396,-0.55,0.5847
Intercept,id 400307,-0.5718,1.1684,5396,-0.49,0.6246
Intercept,id 400318,-0.6276,1.1483,5396,-0.55,0.5847
Intercept,id 400329,0.4905,0.9007,5396,0.54,0.5861
Intercept,id 400340,-0.5718,1.1684,5396,-0.49,0.6246
Intercept,id 400351,-0.6276,1.1483,5396,-0.55,0.5847
Intercept,id 400362,0.4905,0.9007,5396,0.54,0.5861
Intercept,id 400373,-0.6276,1.1483,5396,-0.55,0.5847
Intercept,id 400384,-0.5718,1.1684,5396,-0.49,0.6246
Intercept,id 400395,0.3968,0.8852,5396,0.45,0.6540
Intercept,id 400408,-0.6276,1.1483,5396,-0.55,0.5847
Intercept,id 400430,1.5692,0.6095,5396,2.57,0.0101
Intercept,id 400441,-0.6276,1.1483,5396,-0.55,0.5847
Intercept,id 400452,0.4905,0.9007,5396,0.54,0.5861
Intercept,id 400474,-0.6276,1.1483,5396,-0.55,0.5847
Intercept,id 400698,1.5692,0.6095,5396,2.57,0.0101
Intercept,id 400700,-0.5718,1.1684,5396,-0.49,0.6246
Intercept,id 400711,0.4905,0.9007,5396,0.54,0.5861
Intercept,id 400722,-0.3028,1.2832,5396,-0.24,0.8135
Intercept,id 400755,1.7582,0.5293,5396,3.32,0.0009
Intercept,id 400788,-0.5718,1.1684,5396,-0.49,0.6246
Intercept,id 400812,-0.4368,1.2220,5396,-0.36,0.7208
Intercept,id 400823,1.5692,0.6095,5396,2.57,0.0101
Intercept,id 400845,-0.1730,1.3522,5396,-0.13,0.8982
Intercept,id 400867,0.3968,0.8852,5396,0.45,0.6540
Intercept,id 400968,0.4905,0.9007,5396,0.54,0.5861
Intercept,id 401005,1.4455,0.6031,5396,2.40,0.0166
Intercept,id 401071,-0.5718,1.1684,5396,-0.49,0.6246
Intercept,id 401082,0.4905,0.9007,5396,0.54,0.5861
Intercept,id 401093,0.3968,0.8852,5396,0.45,0.6540
Intercept,id 401128,-0.6276,1.1483,5396,-0.55,0.5847
Intercept,id 401139,-0.6276,1.1483,5396,-0.55,0.5847
Intercept,id 401150,-0.5718,1.1684,5396,-0.49,0.6246
Intercept,id 401161,1.0222,0.7124,5396,1.44,0.1513
Intercept,id 401207,-0.5718,1.1684,5396,-0.49,0.6246
Intercept,id 401251,-0.5718,1.1684,5396,-0.49,0.6246
Intercept,id 401319,1.1357,0.7221,5396,1.57,0.1158
Intercept,id 401341,-0.5718,1.1684,5396,-0.49,0.6246
Intercept,id 401374,-0.5718,1.1684,5396,-0.49,0.6246
Intercept,id 401409,-0.5718,1.1684,5396,-0.49,0.6246
Intercept,id 401475,-0.6276,1.1483,5396,-0.55,0.5847
Intercept,id 401521,1.1357,0.7221,5396,1.57,0.1158
Intercept,id 401543,-0.5718,1.1684,5396,-0.49,0.6246
Intercept,id 401565,1.4455,0.6031,5396,2.40,0.0166
Intercept,id 401587,-0.1730,1.3522,5396,-0.13,0.8982
Intercept,id 401598,-0.5718,1.1684,5396,-0.49,0.6246
Intercept,id 401600,-0.6276,1.1483,5396,-0.55,0.5847
Intercept,id 401611,-0.5718,1.1684,5396,-0.49,0.6246
Intercept,id 401622,0.3968,0.8852,5396,0.45,0.6540
Intercept,id 401677,-0.6276,1.1483,5396,-0.55,0.5847
Intercept,id 401699,-0.5718,1.1684,5396,-0.49,0.6246
Intercept,id 401723,-0.5718,1.1684,5396,-0.49,0.6246
Intercept,id 401802,-0.5718,1.1684,5396,-0.49,0.6246
Intercept,id 401824,-0.6276,1.1483,5396,-0.55,0.5847
Intercept,id 401868,-0.5718,1.1684,5396,-0.49,0.6246
Intercept,id 401879,-0.5718,1.1684,5396,-0.49,0.6246
Intercept,id 401969,-0.5718,1.1684,5396,-0.49,0.6246
Intercept,id 402017,-0.6276,1.1483,5396,-0.55,0.5847
Intercept,id 402072,0.4905,0.9007,5396,0.54,0.5861
Intercept,id 402140,-0.5718,1.1684,5396,-0.49,0.6246
Intercept,id 402151,-0.1804,1.3480,5396,-0.13,0.8935
Intercept,id 402184,-0.6276,1.1483,5396,-0.55,0.5847
Intercept,id 402208,0.6250,0.9244,5396,0.68,0.4990
Intercept,id 402219,3.1064,0.3115,5396,9.97,<.0001
Intercept,id 402252,-0.3028,1.2832,5396,-0.24,0.8135
Intercept,id 402274,-0.5718,1.1684,5396,-0.49,0.6246
Intercept,id 402296,1.7582,0.5293,5396,3.32,0.0009
Intercept,id 402309,0.4905,0.9007,5396,0.54,0.5861
Intercept,id 402320,0.4905,0.9007,5396,0.54,0.5861
Intercept,id 402375,-0.6276,1.1483,5396,-0.55,0.5847
Intercept,id 402476,-0.5718,1.1684,5396,-0.49,0.6246
Intercept,id 402511,-0.6276,1.1483,5396,-0.55,0.5847
Intercept,id 402522,1.7582,0.5293,5396,3.32,0.0009
Intercept,id 402544,-0.5718,1.1684,5396,-0.49,0.6246
Intercept,id 402555,0.4905,0.9007,5396,0.54,0.5861
Intercept,id 402566,-0.6276,1.1483,5396,-0.55,0.5847
Intercept,id 402588,2.0039,0.4761,5396,4.21,<.0001
Intercept,id 402623,0.3968,0.8852,5396,0.45,0.6540
Intercept,id 402656,-0.5718,1.1684,5396,-0.49,0.6246
Intercept,id 402678,-0.5718,1.1684,5396,-0.49,0.6246
Intercept,id 402689,-0.5377,1.1813,5396,-0.46,0.6490
Intercept,id 402768,-0.6276,1.1483,5396,-0.55,0.5847
Intercept,id 402803,-0.5718,1.1684,5396,-0.49,0.6246
Intercept,id 402858,-0.5718,1.1684,5396,-0.49,0.6246
Intercept,id 402880,-0.4075,1.2346,5396,-0.33,0.7414
Intercept,id 402915,0.3968,0.8852,5396,0.45,0.6540
Intercept,id 402926,0.3968,0.8852,5396,0.45,0.6540
Intercept,id 402937,-0.4075,1.2346,5396,-0.33,0.7414
Intercept,id 402948,1.1357,0.7221,5396,1.57,0.1158
Intercept,id 403007,-0.6276,1.1483,5396,-0.55,0.5847
Intercept,id 403018,2.3411,0.4386,5396,5.34,<.0001
Intercept,id 403029,-0.6276,1.1483,5396,-0.55,0.5847
Intercept,id 403040,-0.4956,1.1977,5396,-0.41,0.6791
Intercept,id 403051,-0.6276,1.1483,5396,-0.55,0.5847
Intercept,id 403062,-0.6276,1.1483,5396,-0.55,0.5847
Intercept,id 403073,-0.5718,1.1684,5396,-0.49,0.6246
Intercept,id 403095,2.1373,0.4796,5396,4.46,<.0001
Intercept,id 403119,-0.3203,1.2746,5396,-0.25,0.8016
Intercept,id 403130,0.3968,0.8852,5396,0.45,0.6540
Intercept,id 403141,-0.6276,1.1483,5396,-0.55,0.5847
Intercept,id 403152,-0.5718,1.1684,5396,-0.49,0.6246
Intercept,id 403163,1.7501,0.7825,5396,2.24,0.0254
Intercept,id 403174,-0.5718,1.1684,5396,-0.49,0.6246
Intercept,id 403185,-0.5718,1.1684,5396,-0.49,0.6246
Intercept,id 403196,-0.6276,1.1483,5396,-0.55,0.5847
Intercept,id 403209,-0.6276,1.1483,5396,-0.55,0.5847
Intercept,id 403220,-0.6276,1.1483,5396,-0.55,0.5847
Intercept,id 403231,2.0039,0.4761,5396,4.21,<.0001
Intercept,id 403242,0.4905,0.9007,5396,0.54,0.5861
Intercept,id 403253,-0.6276,1.1483,5396,-0.55,0.5847
Intercept,id 403264,0.4905,0.9007,5396,0.54,0.5861
Intercept,id 403275,-0.5718,1.1684,5396,-0.49,0.6246
Intercept,id 403297,-0.5718,1.1684,5396,-0.49,0.6246
Intercept,id 403310,-0.5718,1.1684,5396,-0.49,0.6246
Intercept,id 403321,-0.6276,1.1483,5396,-0.55,0.5847
Intercept,id 403332,-0.6276,1.1483,5396,-0.55,0.5847
Intercept,id 403343,-0.5718,1.1684,5396,-0.49,0.6246
Intercept,id 403354,2.5218,0.3785,5396,6.66,<.0001
Intercept,id 403365,-0.4368,1.2220,5396,-0.36,0.7208
Intercept,id 403376,-0.5718,1.1684,5396,-0.49,0.6246
Intercept,id 403398,1.4455,0.6031,5396,2.40,0.0166
Intercept,id 403400,-0.5718,1.1684,5396,-0.49,0.6246
Intercept,id 403411,-0.6276,1.1483,5396,-0.55,0.5847
Intercept,id 403422,-0.5718,1.1684,5396,-0.49,0.6246
Intercept,id 403433,-0.5718,1.1684,5396,-0.49,0.6246
Intercept,id 403545,-0.5718,1.1684,5396,-0.49,0.6246
Intercept,id 403556,0.3968,0.8852,5396,0.45,0.6540
Intercept,id 403578,2.0039,0.4761,5396,4.21,<.0001
Intercept,id 403589,-0.5718,1.1684,5396,-0.49,0.6246
Intercept,id 403602,0.3968,0.8852,5396,0.45,0.6540
Intercept,id 403613,-0.5718,1.1684,5396,-0.49,0.6246
Intercept,id 403747,-0.5718,1.1684,5396,-0.49,0.6246
Intercept,id 404131,-0.6276,1.1483,5396,-0.55,0.5847
Intercept,id 404423,0.3968,0.8852,5396,0.45,0.6540
Intercept,id 404434,0.4905,0.9007,5396,0.54,0.5861
Intercept,id 404445,-0.6276,1.1483,5396,-0.55,0.5847
Intercept,id 404456,1.5692,0.6095,5396,2.57,0.0101
Intercept,id 404467,-0.5718,1.1684,5396,-0.49,0.6246
Intercept,id 404524,0.3968,0.8852,5396,0.45,0.6540
Intercept,id 404535,-0.5718,1.1684,5396,-0.49,0.6246
Intercept,id 404546,-0.5718,1.1684,5396,-0.49,0.6246
Intercept,id 404557,-0.6276,1.1483,5396,-0.55,0.5847
Intercept,id 404568,-0.5718,1.1684,5396,-0.49,0.6246
Intercept,id 404579,-0.6276,1.1483,5396,-0.55,0.5847
Intercept,id 404590,-0.5718,1.1684,5396,-0.49,0.6246
Intercept,id 404603,-0.6276,1.1483,5396,-0.55,0.5847
Intercept,id 404614,-0.5718,1.1684,5396,-0.49,0.6246
Intercept,id 404625,-0.6276,1.1483,5396,-0.55,0.5847
Intercept,id 404636,-0.6276,1.1483,5396,-0.55,0.5847
Intercept,id 404647,-0.6276,1.1483,5396,-0.55,0.5847
Intercept,id 404658,1.4455,0.6031,5396,2.40,0.0166
Intercept,id 404669,-0.1730,1.3522,5396,-0.13,0.8982
Intercept,id 404680,-0.5718,1.1684,5396,-0.49,0.6246
Intercept,id 404691,-0.6276,1.1483,5396,-0.55,0.5847
Intercept,id 404939,-0.5718,1.1684,5396,-0.49,0.6246
Intercept,id 404950,-0.4956,1.1977,5396,-0.41,0.6791
Intercept,id 404961,-0.5718,1.1684,5396,-0.49,0.6246
Intercept,id 404972,-0.1730,1.3522,5396,-0.13,0.8982
Intercept,id 404983,0.4905,0.9007,5396,0.54,0.5861
Intercept,id 404994,-0.5718,1.1684,5396,-0.49,0.6246
Intercept,id 405009,2.0039,0.4761,5396,4.21,<.0001
Intercept,id 405020,-0.6276,1.1483,5396,-0.55,0.5847
Intercept,id 405031,0.3968,0.8852,5396,0.45,0.6540
Intercept,id 405042,1.1357,0.7221,5396,1.57,0.1158
Intercept,id 405053,2.0039,0.4761,5396,4.21,<.0001
Intercept,id 405064,-0.6276,1.1483,5396,-0.55,0.5847
Intercept,id 405075,1.4455,0.6031,5396,2.40,0.0166
Intercept,id 405086,-0.6276,1.1483,5396,-0.55,0.5847
Intercept,id 405097,-0.5718,1.1684,5396,-0.49,0.6246
Intercept,id 405110,-0.6276,1.1483,5396,-0.55,0.5847
Intercept,id 405121,1.1357,0.7221,5396,1.57,0.1158
Intercept,id 405402,-0.6276,1.1483,5396,-0.55,0.5847
Intercept,id 405424,1.1357,0.7221,5396,1.57,0.1158
Intercept,id 405446,-0.5718,1.1684,5396,-0.49,0.6246
Intercept,id 405457,-0.5718,1.1684,5396,-0.49,0.6246
Intercept,id 405479,-0.5718,1.1684,5396,-0.49,0.6246
Intercept,id 405503,1.0222,0.7124,5396,1.44,0.1513
Intercept,id 405525,1.0222,0.7124,5396,1.44,0.1513
Intercept,id 405547,-0.5718,1.1684,5396,-0.49,0.6246
Intercept,id 405580,1.1357,0.7221,5396,1.57,0.1158
Intercept,id 405591,1.0222,0.7124,5396,1.44,0.1513
Intercept,id 405604,0.4905,0.9007,5396,0.54,0.5861
Intercept,id 405626,-0.6276,1.1483,5396,-0.55,0.5847
Intercept,id 405637,1.5692,0.6095,5396,2.57,0.0101
Intercept,id 405681,1.3012,0.7368,5396,1.77,0.0775
Intercept,id 405692,-0.6276,1.1483,5396,-0.55,0.5847
Intercept,id 405727,1.4455,0.6031,5396,2.40,0.0166
Intercept,id 405771,-0.1730,1.3522,5396,-0.13,0.8982
Intercept,id 405817,3.0504,0.2985,5396,10.22,<.0001
Intercept,id 405872,-0.6276,1.1483,5396,-0.55,0.5847
Intercept,id 405973,0.4905,0.9007,5396,0.54,0.5861
Intercept,id 405984,0.4905,0.9007,5396,0.54,0.5861
Intercept,id 406010,-0.6276,1.1483,5396,-0.55,0.5847
Intercept,id 406087,1.0222,0.7124,5396,1.44,0.1513
Intercept,id 406098,-0.5718,1.1684,5396,-0.49,0.6246
Intercept,id 406111,-0.6276,1.1483,5396,-0.55,0.5847
Intercept,id 406144,1.0222,0.7124,5396,1.44,0.1513
Intercept,id 406234,0.3968,0.8852,5396,0.45,0.6540
Intercept,id 406245,-0.5718,1.1684,5396,-0.49,0.6246
Intercept,id 406256,-0.6276,1.1483,5396,-0.55,0.5847
Intercept,id 406324,-0.6276,1.1483,5396,-0.55,0.5847
Intercept,id 406346,2.3750,0.4042,5396,5.88,<.0001
Intercept,id 406357,-0.6276,1.1483,5396,-0.55,0.5847
Intercept,id 406390,-0.5718,1.1684,5396,-0.49,0.6246
Intercept,id 406403,-0.5718,1.1684,5396,-0.49,0.6246
Intercept,id 406414,2.9639,0.3103,5396,9.55,<.0001
Intercept,id 406425,-0.5718,1.1684,5396,-0.49,0.6246
Intercept,id 406436,0.4905,0.9007,5396,0.54,0.5861
Intercept,id 406458,-0.6276,1.1483,5396,-0.55,0.5847
Intercept,id 406469,-0.6276,1.1483,5396,-0.55,0.5847
Intercept,id 406491,-0.5377,1.1813,5396,-0.46,0.6490
Intercept,id 406537,-0.5718,1.1684,5396,-0.49,0.6246
Intercept,id 406559,-0.5718,1.1684,5396,-0.49,0.6246
Intercept,id 406570,-0.4368,1.2220,5396,-0.36,0.7208
Intercept,id 406605,-0.6276,1.1483,5396,-0.55,0.5847
Intercept,id 406638,1.7582,0.5293,5396,3.32,0.0009
Intercept,id 406649,-0.6276,1.1483,5396,-0.55,0.5847
Intercept,id 406660,-0.5718,1.1684,5396,-0.49,0.6246
Intercept,id 406739,-0.5718,1.1684,5396,-0.49,0.6246
Intercept,id 406750,-0.5718,1.1684,5396,-0.49,0.6246
Intercept,id 406761,-0.6276,1.1483,5396,-0.55,0.5847
Intercept,id 406840,-0.5718,1.1684,5396,-0.49,0.6246
Intercept,id 406930,-0.5718,1.1684,5396,-0.49,0.6246
Intercept,id 406974,-0.6276,1.1483,5396,-0.55,0.5847
Intercept,id 406985,1.8879,0.5339,5396,3.54,0.0004
Intercept,id 407000,2.9978,0.3407,5396,8.80,<.0001
Intercept,id 407011,1.3012,0.7368,5396,1.77,0.0775
Intercept,id 407088,-0.5718,1.1684,5396,-0.49,0.6246
Intercept,id 407358,2.2051,0.4359,5396,5.06,<.0001
Intercept,id 407369,-0.6276,1.1483,5396,-0.55,0.5847
Intercept,id 407380,-0.5718,1.1684,5396,-0.49,0.6246
Intercept,id 407391,-0.6276,1.1483,5396,-0.55,0.5847
Intercept,id 407404,-0.6276,1.1483,5396,-0.55,0.5847
Intercept,id 407415,0.3968,0.8852,5396,0.45,0.6540
Intercept,id 407426,-0.5718,1.1684,5396,-0.49,0.6246
Intercept,id 407437,-0.5718,1.1684,5396,-0.49,0.6246
Intercept,id 407448,-0.5718,1.1684,5396,-0.49,0.6246
Intercept,id 407470,-0.5377,1.1813,5396,-0.46,0.6490
Intercept,id 407481,1.7506,0.6190,5396,2.83,0.0047
Intercept,id 407505,-0.6276,1.1483,5396,-0.55,0.5847
Intercept,id 407516,2.3411,0.4386,5396,5.34,<.0001
Intercept,id 407617,-0.4956,1.1977,5396,-0.41,0.6791
Intercept,id 407628,-0.5377,1.1813,5396,-0.46,0.6490
Intercept,id 407639,-0.5718,1.1684,5396,-0.49,0.6246
Intercept,id 407650,1.4455,0.6031,5396,2.40,0.0166
Intercept,id 407661,-0.4956,1.1977,5396,-0.41,0.6791
Intercept,id 407683,-0.5377,1.1813,5396,-0.46,0.6490
Intercept,id 407773,-0.4956,1.1977,5396,-0.41,0.6791
Intercept,id 407795,-0.5377,1.1813,5396,-0.46,0.6490
Intercept,id 407830,-0.5377,1.1813,5396,-0.46,0.6490
Intercept,id 407852,-0.6276,1.1483,5396,-0.55,0.5847
Intercept,id 407896,-0.6276,1.1483,5396,-0.55,0.5847
Intercept,id 407920,3.2854,0.2992,5396,10.98,<.0001
Intercept,id 407975,-0.4956,1.1977,5396,-0.41,0.6791
Intercept,id 408012,-0.4956,1.1977,5396,-0.41,0.6791
Intercept,id 408023,0.4905,0.9007,5396,0.54,0.5861
Intercept,id 408056,0.3968,0.8852,5396,0.45,0.6540
Intercept,id 408078,-0.6276,1.1483,5396,-0.55,0.5847
Intercept,id 408102,1.0222,0.7124,5396,1.44,0.1513
Intercept,id 408124,-0.5377,1.1813,5396,-0.46,0.6490
Intercept,id 408135,-0.5718,1.1684,5396,-0.49,0.6246
Intercept,id 408168,-0.4956,1.1977,5396,-0.41,0.6791
Intercept,id 408179,1.7506,0.6190,5396,2.83,0.0047
Intercept,id 408190,2.2229,0.4812,5396,4.62,<.0001
Intercept,id 408214,1.3012,0.7368,5396,1.77,0.0775
Intercept,id 408236,-0.5377,1.1813,5396,-0.46,0.6490
Intercept,id 408247,-0.5377,1.1813,5396,-0.46,0.6490
Intercept,id 408258,-0.6276,1.1483,5396,-0.55,0.5847
Intercept,id 408269,-0.6276,1.1483,5396,-0.55,0.5847
Intercept,id 408280,2.3335,0.4842,5396,4.82,<.0001
Intercept,id 408291,-0.5718,1.1684,5396,-0.49,0.6246
Intercept,id 408304,-0.1730,1.3522,5396,-0.13,0.8982
Intercept,id 408337,-0.5718,1.1684,5396,-0.49,0.6246
Intercept,id 408359,-0.4956,1.1977,5396,-0.41,0.6791
Intercept,id 408370,-0.5377,1.1813,5396,-0.46,0.6490
Intercept,id 408381,-0.6276,1.1483,5396,-0.55,0.5847
Intercept,id 408594,-0.6276,1.1483,5396,-0.55,0.5847
Intercept,id 408618,2.8177,0.6879,5396,4.10,<.0001
Intercept,id 408629,-0.4956,1.1977,5396,-0.41,0.6791
Intercept,id 408640,1.1357,0.7221,5396,1.57,0.1158
Intercept,id 408695,-0.4956,1.1977,5396,-0.41,0.6791
Intercept,id 408763,-0.5718,1.1684,5396,-0.49,0.6246
Intercept,id 408809,0.6250,0.9244,5396,0.68,0.4990
Intercept,id 408842,2.3335,0.4842,5396,4.82,<.0001
Intercept,id 408864,1.2081,0.7283,5396,1.66,0.0972
Intercept,id 408910,-0.5377,1.1813,5396,-0.46,0.6490
Intercept,id 408921,-0.6276,1.1483,5396,-0.55,0.5847
Intercept,id 408932,-0.4956,1.1977,5396,-0.41,0.6791
Intercept,id 408987,-0.5377,1.1813,5396,-0.46,0.6490
Intercept,id 409013,1.5692,0.6095,5396,2.57,0.0101
Intercept,id 409046,2.5129,0.4064,5396,6.18,<.0001
Intercept,id 409068,-0.4956,1.1977,5396,-0.41,0.6791
Intercept,id 409090,-0.5377,1.1813,5396,-0.46,0.6490
Intercept,id 409125,-0.5377,1.1813,5396,-0.46,0.6490
Intercept,id 409147,-0.5377,1.1813,5396,-0.46,0.6490
Intercept,id 409226,1.7506,0.6190,5396,2.83,0.0047
Intercept,id 409237,-0.6276,1.1483,5396,-0.55,0.5847
Intercept,id 409281,0.5497,0.9108,5396,0.60,0.5462
Intercept,id 409338,1.3012,0.7368,5396,1.77,0.0775
Intercept,id 409360,-0.3203,1.2746,5396,-0.25,0.8016
Intercept,id 409428,-0.5377,1.1813,5396,-0.46,0.6490
Intercept,id 409461,0.7350,0.9452,5396,0.78,0.4368
Intercept,id 409494,-0.4956,1.1977,5396,-0.41,0.6791
Intercept,id 409507,0.5497,0.9108,5396,0.60,0.5462
Intercept,id 409529,-0.4956,1.1977,5396,-0.41,0.6791
Intercept,id 409584,-0.4956,1.1977,5396,-0.41,0.6791
Intercept,id 409595,-0.5377,1.1813,5396,-0.46,0.6490
Intercept,id 409641,-0.5377,1.1813,5396,-0.46,0.6490
Intercept,id 409674,-0.5377,1.1813,5396,-0.46,0.6490
Intercept,id 409696,1.2081,0.7283,5396,1.66,0.0972
Intercept,id 409742,-0.4956,1.1977,5396,-0.41,0.6791
Intercept,id 409810,-0.3203,1.2746,5396,-0.25,0.8016
Intercept,id 409843,-0.5377,1.1813,5396,-0.46,0.6490
Intercept,id 409854,0.5497,0.9108,5396,0.60,0.5462
Intercept,id 409898,-0.5718,1.1684,5396,-0.49,0.6246
Intercept,id 409911,-0.5377,1.1813,5396,-0.46,0.6490
Intercept,id 409999,-0.4956,1.1977,5396,-0.41,0.6791
Intercept,id 410005,-0.6276,1.1483,5396,-0.55,0.5847
Intercept,id 410060,-0.6276,1.1483,5396,-0.55,0.5847
Intercept,id 410150,0.6250,0.9244,5396,0.68,0.4990
Intercept,id 410207,1.4455,0.6031,5396,2.40,0.0166
Intercept,id 410251,-0.5718,1.1684,5396,-0.49,0.6246
Intercept,id 410308,1.3012,0.7368,5396,1.77,0.0775
Intercept,id 410330,-0.5377,1.1813,5396,-0.46,0.6490
Intercept,id 410396,-0.5377,1.1813,5396,-0.46,0.6490
Intercept,id 410431,2.7505,0.3808,5396,7.22,<.0001
Intercept,id 410497,-0.4956,1.1977,5396,-0.41,0.6791
Intercept,id 410565,-0.5377,1.1813,5396,-0.46,0.6490
Intercept,id 410576,-0.6276,1.1483,5396,-0.55,0.5847
Intercept,id 410587,1.1357,0.7221,5396,1.57,0.1158
Intercept,id 410598,-0.6276,1.1483,5396,-0.55,0.5847
Intercept,id 410600,1.0222,0.7124,5396,1.44,0.1513
Intercept,id 410622,-0.6276,1.1483,5396,-0.55,0.5847
Intercept,id 410633,-0.6276,1.1483,5396,-0.55,0.5847
Intercept,id 410644,-0.5718,1.1684,5396,-0.49,0.6246
Intercept,id 410655,0.4905,0.9007,5396,0.54,0.5861
Intercept,id 410666,-0.5718,1.1684,5396,-0.49,0.6246
Intercept,id 410677,1.1357,0.7221,5396,1.57,0.1158
Intercept,id 410699,-0.5718,1.1684,5396,-0.49,0.6246
Intercept,id 410701,-0.6276,1.1483,5396,-0.55,0.5847
Intercept,id 410789,-0.5718,1.1684,5396,-0.49,0.6246
Intercept,id 410846,1.1357,0.7221,5396,1.57,0.1158
Intercept,id 410868,1.5692,0.6095,5396,2.57,0.0101
Intercept,id 410890,1.7506,0.6190,5396,2.83,0.0047
Intercept,id 410903,0.3968,0.8852,5396,0.45,0.6540
Intercept,id 411028,0.4905,0.9007,5396,0.54,0.5861
Intercept,id 411039,-0.4956,1.1977,5396,-0.41,0.6791
Intercept,id 411083,-0.4368,1.2220,5396,-0.36,0.7208
Intercept,id 411118,-0.6276,1.1483,5396,-0.55,0.5847
Intercept,id 411173,-0.4956,1.1977,5396,-0.41,0.6791
Intercept,id 411195,1.0222,0.7124,5396,1.44,0.1513
Intercept,id 411252,-0.5718,1.1684,5396,-0.49,0.6246
Intercept,id 411331,-0.5377,1.1813,5396,-0.46,0.6490
Intercept,id 411342,-0.4368,1.2220,5396,-0.36,0.7208
Intercept,id 411364,0.5497,0.9108,5396,0.60,0.5462
Intercept,id 411375,1.2081,0.7283,5396,1.66,0.0972
Intercept,id 411410,-0.5377,1.1813,5396,-0.46,0.6490
Intercept,id 411432,1.7506,0.6190,5396,2.83,0.0047
Intercept,id 411476,-0.4956,1.1977,5396,-0.41,0.6791
Intercept,id 411487,-0.4956,1.1977,5396,-0.41,0.6791
Intercept,id 411498,-0.5377,1.1813,5396,-0.46,0.6490
Intercept,id 411500,-0.5377,1.1813,5396,-0.46,0.6490
Intercept,id 411522,-0.5377,1.1813,5396,-0.46,0.6490
Intercept,id 411533,-0.3203,1.2746,5396,-0.25,0.8016
Intercept,id 411544,-0.4368,1.2220,5396,-0.36,0.7208
Intercept,id 411555,-0.4956,1.1977,5396,-0.41,0.6791
Intercept,id 411566,-0.5377,1.1813,5396,-0.46,0.6490
Intercept,id 411601,-0.4956,1.1977,5396,-0.41,0.6791
Intercept,id 411713,-0.1804,1.3480,5396,-0.13,0.8935
Intercept,id 411724,1.2081,0.7283,5396,1.66,0.0972
Intercept,id 411735,2.0784,0.5403,5396,3.85,0.0001
Intercept,id 411746,1.9710,0.5364,5396,3.67,0.0002
Intercept,id 411757,-0.4956,1.1977,5396,-0.41,0.6791
Intercept,id 411768,-0.5377,1.1813,5396,-0.46,0.6490
Intercept,id 411779,-0.4956,1.1977,5396,-0.41,0.6791
Intercept,id 411847,-0.5377,1.1813,5396,-0.46,0.6490
Intercept,id 411869,-0.5377,1.1813,5396,-0.46,0.6490
Intercept,id 411880,0.6250,0.9244,5396,0.68,0.4990
Intercept,id 411904,0.6250,0.9244,5396,0.68,0.4990
Intercept,id 411948,0.5497,0.9108,5396,0.60,0.5462
Intercept,id 411970,0.5497,0.9108,5396,0.60,0.5462
Intercept,id 412018,-0.4956,1.1977,5396,-0.41,0.6791
Intercept,id 412051,-0.4956,1.1977,5396,-0.41,0.6791
Intercept,id 412073,-0.5377,1.1813,5396,-0.46,0.6490
Intercept,id 412152,0.5497,0.9108,5396,0.60,0.5462
Intercept,id 412163,-0.4956,1.1977,5396,-0.41,0.6791
Intercept,id 412174,-0.4956,1.1977,5396,-0.41,0.6791
Intercept,id 412185,-0.5377,1.1813,5396,-0.46,0.6490
Intercept,id 412220,1.2081,0.7283,5396,1.66,0.0972
Intercept,id 412231,-0.5377,1.1813,5396,-0.46,0.6490
Intercept,id 412253,-0.4956,1.1977,5396,-0.41,0.6791
Intercept,id 412332,1.3288,1.0897,5396,1.22,0.2227
Intercept,id 412343,-0.5377,1.1813,5396,-0.46,0.6490
Intercept,id 412365,1.2081,0.7283,5396,1.66,0.0972
Intercept,id 412376,1.6484,0.6134,5396,2.69,0.0072
Intercept,id 412387,-0.4956,1.1977,5396,-0.41,0.6791
Intercept,id 412398,-0.5377,1.1813,5396,-0.46,0.6490
Intercept,id 412400,-0.4956,1.1977,5396,-0.41,0.6791
Intercept,id 412422,-0.3203,1.2746,5396,-0.25,0.8016
Intercept,id 412433,2.2229,0.4812,5396,4.62,<.0001
Intercept,id 412444,0.6250,0.9244,5396,0.68,0.4990
Intercept,id 412455,0.6250,0.9244,5396,0.68,0.4990
Intercept,id 412466,-0.4956,1.1977,5396,-0.41,0.6791
Intercept,id 412512,-0.4956,1.1977,5396,-0.41,0.6791
Intercept,id 412545,1.9710,0.5364,5396,3.67,0.0002
Intercept,id 412589,0.6250,0.9244,5396,0.68,0.4990
Intercept,id 412624,-0.4956,1.1977,5396,-0.41,0.6791
Intercept,id 412916,-0.5377,1.1813,5396,-0.46,0.6490
Intercept,id 412927,-0.5377,1.1813,5396,-0.46,0.6490
Intercept,id 412949,2.7505,0.3808,5396,7.22,<.0001
Intercept,id 412971,-0.4956,1.1977,5396,-0.41,0.6791
Intercept,id 413052,-0.5377,1.1813,5396,-0.46,0.6490
Intercept,id 413063,1.2081,0.7283,5396,1.66,0.0972
Intercept,id 413131,-0.5377,1.1813,5396,-0.46,0.6490
Intercept,id 413175,0.6250,0.9244,5396,0.68,0.4990
Intercept,id 413186,0.5497,0.9108,5396,0.60,0.5462
Intercept,id 413287,-0.5377,1.1813,5396,-0.46,0.6490
Intercept,id 413298,-0.4075,1.2346,5396,-0.33,0.7414
Intercept,id 413300,-0.4956,1.1977,5396,-0.41,0.6791
Intercept,id 413322,-0.4956,1.1977,5396,-0.41,0.6791
Intercept,id 413445,-0.4368,1.2220,5396,-0.36,0.7208
Intercept,id 413456,-0.4956,1.1977,5396,-0.41,0.6791
Intercept,id 413467,1.7506,0.6190,5396,2.83,0.0047
Intercept,id 413478,-0.5377,1.1813,5396,-0.46,0.6490
Intercept,id 413489,-0.1730,1.3522,5396,-0.13,0.8982
Intercept,id 413502,0.5497,0.9108,5396,0.60,0.5462
Intercept,id 413524,3.5105,0.2704,5396,12.98,<.0001
Intercept,id 413535,0.5497,0.9108,5396,0.60,0.5462
Intercept,id 413603,-0.5377,1.1813,5396,-0.46,0.6490
Intercept,id 413636,0.6250,0.9244,5396,0.68,0.4990
Intercept,id 413715,2.5412,0.4420,5396,5.75,<.0001
Intercept,id 413726,0.6250,0.9244,5396,0.68,0.4990
Intercept,id 413827,-0.1730,1.3522,5396,-0.13,0.8982
Intercept,id 413838,-0.3028,1.2832,5396,-0.24,0.8135
Intercept,id 413893,0.6250,0.9244,5396,0.68,0.4990
Intercept,id 414020,1.9710,0.5364,5396,3.67,0.0002
Intercept,id 414064,0.6250,0.9244,5396,0.68,0.4990
Intercept,id 414097,-0.4956,1.1977,5396,-0.41,0.6791
Intercept,id 414165,-0.4956,1.1977,5396,-0.41,0.6791
Intercept,id 414200,-0.5377,1.1813,5396,-0.46,0.6490
Intercept,id 414211,-0.5377,1.1813,5396,-0.46,0.6490
Intercept,id 414233,-0.3028,1.2832,5396,-0.24,0.8135
Intercept,id 414345,-0.1804,1.3480,5396,-0.13,0.8935
Intercept,id 414389,-0.5377,1.1813,5396,-0.46,0.6490
Intercept,id 414525,-0.4956,1.1977,5396,-0.41,0.6791
Intercept,id 414547,0.6250,0.9244,5396,0.68,0.4990
Intercept,id 414615,-0.4956,1.1977,5396,-0.41,0.6791
Intercept,id 414637,0.6250,0.9244,5396,0.68,0.4990
Intercept,id 414670,-0.4956,1.1977,5396,-0.41,0.6791
Intercept,id 414681,0.5497,0.9108,5396,0.60,0.5462
Intercept,id 414692,-0.5377,1.1813,5396,-0.46,0.6490
Intercept,id 414705,-0.5377,1.1813,5396,-0.46,0.6490
Intercept,id 414716,0.5497,0.9108,5396,0.60,0.5462
Intercept,id 414727,-0.4956,1.1977,5396,-0.41,0.6791
Intercept,id 414738,-0.4956,1.1977,5396,-0.41,0.6791
Intercept,id 414749,-0.4956,1.1977,5396,-0.41,0.6791
Intercept,id 414760,-0.5377,1.1813,5396,-0.46,0.6490
Intercept,id 414771,-0.5377,1.1813,5396,-0.46,0.6490
Intercept,id 414782,-0.5377,1.1813,5396,-0.46,0.6490
Intercept,id 414793,-0.5377,1.1813,5396,-0.46,0.6490
Intercept,id 414940,-0.5377,1.1813,5396,-0.46,0.6490
Intercept,id 414951,-0.5377,1.1813,5396,-0.46,0.6490
Intercept,id 414973,-0.5377,1.1813,5396,-0.46,0.6490
Intercept,id 414995,-0.5377,1.1813,5396,-0.46,0.6490
Intercept,id 415010,-0.5377,1.1813,5396,-0.46,0.6490
Intercept,id 415021,-0.4956,1.1977,5396,-0.41,0.6791
Intercept,id 415032,-0.4956,1.1977,5396,-0.41,0.6791
Intercept,id 415043,-0.4956,1.1977,5396,-0.41,0.6791
Intercept,id 415054,-0.1730,1.3522,5396,-0.13,0.8982
Intercept,id 415065,-0.4956,1.1977,5396,-0.41,0.6791
Intercept,id 415076,-0.4956,1.1977,5396,-0.41,0.6791
Intercept,id 415087,-0.4368,1.2220,5396,-0.36,0.7208
Intercept,id 415122,0.6250,0.9244,5396,0.68,0.4990
Intercept,id 415177,-0.5377,1.1813,5396,-0.46,0.6490
Intercept,id 415223,-0.4956,1.1977,5396,-0.41,0.6791
Intercept,id 415245,-0.4956,1.1977,5396,-0.41,0.6791
Intercept,id 415256,0.5497,0.9108,5396,0.60,0.5462
Intercept,id 415324,-0.5377,1.1813,5396,-0.46,0.6490
Intercept,id 415368,-0.5377,1.1813,5396,-0.46,0.6490
Intercept,id 415379,-0.5377,1.1813,5396,-0.46,0.6490
Intercept,id 415390,-0.4956,1.1977,5396,-0.41,0.6791
Intercept,id 415403,-0.4956,1.1977,5396,-0.41,0.6791
Intercept,id 415414,-0.5377,1.1813,5396,-0.46,0.6490
Intercept,id 415436,-0.5377,1.1813,5396,-0.46,0.6490
Intercept,id 415491,1.2081,0.7283,5396,1.66,0.0972
Intercept,id 415515,-0.5377,1.1813,5396,-0.46,0.6490
Intercept,id 415559,0.5497,0.9108,5396,0.60,0.5462
Intercept,id 415570,-0.4956,1.1977,5396,-0.41,0.6791
Intercept,id 415616,0.6250,0.9244,5396,0.68,0.4990
Intercept,id 415627,-0.5377,1.1813,5396,-0.46,0.6490
Intercept,id 415660,-0.4956,1.1977,5396,-0.41,0.6791
Intercept,id 415706,-0.5377,1.1813,5396,-0.46,0.6490
Intercept,id 415717,-0.5377,1.1813,5396,-0.46,0.6490
Intercept,id 415728,1.9710,0.5364,5396,3.67,0.0002
Intercept,id 415772,-0.4956,1.1977,5396,-0.41,0.6791
Intercept,id 415783,-0.5377,1.1813,5396,-0.46,0.6490
Intercept,id 415807,-0.4075,1.2346,5396,-0.33,0.7414
Intercept,id 415829,-0.4956,1.1977,5396,-0.41,0.6791
Intercept,id 415851,0.6250,0.9244,5396,0.68,0.4990
Intercept,id 415873,1.2081,0.7283,5396,1.66,0.0972
Intercept,id 415895,2.8662,0.3824,5396,7.49,<.0001
Intercept,id 415930,-0.5377,1.1813,5396,-0.46,0.6490
Intercept,id 415941,-0.4956,1.1977,5396,-0.41,0.6791
Intercept,id 415952,0.5497,0.9108,5396,0.60,0.5462
Intercept,id 416011,1.2081,0.7283,5396,1.66,0.0972
Intercept,id 416033,-0.4956,1.1977,5396,-0.41,0.6791
Intercept,id 416088,-0.4956,1.1977,5396,-0.41,0.6791
Intercept,id 416268,-0.4956,1.1977,5396,-0.41,0.6791
Intercept,id 416303,-0.5377,1.1813,5396,-0.46,0.6490
Intercept,id 416336,0.5497,0.9108,5396,0.60,0.5462
Intercept,id 416391,-0.5377,1.1813,5396,-0.46,0.6490
Intercept,id 416426,-0.5377,1.1813,5396,-0.46,0.6490
Intercept,id 416448,-0.4956,1.1977,5396,-0.41,0.6791
Intercept,id 416470,1.9710,0.5364,5396,3.67,0.0002
Intercept,id 416481,-0.4956,1.1977,5396,-0.41,0.6791
Intercept,id 416505,2.6014,0.4071,5396,6.39,<.0001
Intercept,id 416560,-0.5377,1.1813,5396,-0.46,0.6490
Intercept,id 416571,0.5497,0.9108,5396,0.60,0.5462
Intercept,id 416593,2.0784,0.5403,5396,3.85,0.0001
Intercept,id 416606,-0.5377,1.1813,5396,-0.46,0.6490
Intercept,id 416617,2.0784,0.5403,5396,3.85,0.0001
Intercept,id 416628,-0.4956,1.1977,5396,-0.41,0.6791
Intercept,id 416639,1.2081,0.7283,5396,1.66,0.0972
Intercept,id 416740,-0.4956,1.1977,5396,-0.41,0.6791
Intercept,id 416762,-0.5377,1.1813,5396,-0.46,0.6490
Intercept,id 416773,-0.4956,1.1977,5396,-0.41,0.6791
Intercept,id 416808,-0.5377,1.1813,5396,-0.46,0.6490
Intercept,id 416841,-0.3028,1.2832,5396,-0.24,0.8135
Intercept,id 416852,2.3335,0.4842,5396,4.82,<.0001
Intercept,id 416863,0.6250,0.9244,5396,0.68,0.4990
Intercept,id 416874,-0.5377,1.1813,5396,-0.46,0.6490
Intercept,id 416896,0.7923,0.9567,5396,0.83,0.4076
Intercept,id 416920,-0.4956,1.1977,5396,-0.41,0.6791
Intercept,id 416942,-0.5377,1.1813,5396,-0.46,0.6490
Intercept,id 416953,-0.4956,1.1977,5396,-0.41,0.6791
Intercept,id 416964,-0.4956,1.1977,5396,-0.41,0.6791
Intercept,id 416986,-0.4956,1.1977,5396,-0.41,0.6791
Intercept,id 417012,-0.5377,1.1813,5396,-0.46,0.6490
Intercept,id 417023,-0.4956,1.1977,5396,-0.41,0.6791
Intercept,id 417045,-0.5377,1.1813,5396,-0.46,0.6490
Intercept,id 417067,-0.5377,1.1813,5396,-0.46,0.6490
Intercept,id 417113,-0.4075,1.2346,5396,-0.33,0.7414
Intercept,id 417146,-0.4956,1.1977,5396,-0.41,0.6791
Intercept,id 417157,-0.5377,1.1813,5396,-0.46,0.6490
Intercept,id 417168,-0.3203,1.2746,5396,-0.25,0.8016
Intercept,id 417291,-0.4956,1.1977,5396,-0.41,0.6791
Intercept,id 417326,-0.5377,1.1813,5396,-0.46,0.6490
Intercept,id 417359,-0.5377,1.1813,5396,-0.46,0.6490
Intercept,id 417370,0.5497,0.9108,5396,0.60,0.5462
Intercept,id 417381,-0.4956,1.1977,5396,-0.41,0.6791
Intercept,id 417392,-0.4956,1.1977,5396,-0.41,0.6791
Intercept,id 417416,-0.4956,1.1977,5396,-0.41,0.6791
Intercept,id 417438,1.3012,0.7368,5396,1.77,0.0775
Intercept,id 417449,-0.3028,1.2832,5396,-0.24,0.8135
Intercept,id 417460,0.6250,0.9244,5396,0.68,0.4990
Intercept,id 417482,-0.4956,1.1977,5396,-0.41,0.6791
Intercept,id 417506,1.3012,0.7368,5396,1.77,0.0775
Intercept,id 417550,-0.5377,1.1813,5396,-0.46,0.6490
Intercept,id 417583,2.0784,0.5403,5396,3.85,0.0001
Intercept,id 417629,-0.4368,1.2220,5396,-0.36,0.7208
Intercept,id 417640,0.6250,0.9244,5396,0.68,0.4990
Intercept,id 417651,0.5497,0.9108,5396,0.60,0.5462
Intercept,id 417684,-0.4956,1.1977,5396,-0.41,0.6791
Intercept,id 417695,-0.4368,1.2220,5396,-0.36,0.7208
Intercept,id 417820,0.7923,0.9567,5396,0.83,0.4076
Intercept,id 417842,-0.1804,1.3480,5396,-0.13,0.8935
Intercept,id 417853,-0.5377,1.1813,5396,-0.46,0.6490
Intercept,id 417886,-0.5377,1.1813,5396,-0.46,0.6490
Intercept,id 417932,0.7350,0.9452,5396,0.78,0.4368
Intercept,id 417965,-0.4956,1.1977,5396,-0.41,0.6791
Intercept,id 417976,-0.4956,1.1977,5396,-0.41,0.6791
Intercept,id 417987,-0.4956,1.1977,5396,-0.41,0.6791
Intercept,id 418046,1.3012,0.7368,5396,1.77,0.0775
Intercept,id 418079,0.5497,0.9108,5396,0.60,0.5462
Intercept,id 418090,1.2081,0.7283,5396,1.66,0.0972
Intercept,id 418114,-0.4368,1.2220,5396,-0.36,0.7208
Intercept,id 418191,2.4988,0.4883,5396,5.12,<.0001
Intercept,id 418237,-0.4075,1.2346,5396,-0.33,0.7414
Intercept,id 418270,0.7923,0.9567,5396,0.83,0.4076
Intercept,id 418281,1.9027,0.6274,5396,3.03,0.0024
Intercept,id 418292,-0.4075,1.2346,5396,-0.33,0.7414
Intercept,id 418305,-0.4368,1.2220,5396,-0.36,0.7208
Intercept,id 418316,1.9027,0.6274,5396,3.03,0.0024
Intercept,id 418349,-0.4368,1.2220,5396,-0.36,0.7208
Intercept,id 418382,-0.4956,1.1977,5396,-0.41,0.6791
Intercept,id 418393,0.7350,0.9452,5396,0.78,0.4368
Intercept,id 418406,-0.4368,1.2220,5396,-0.36,0.7208
Intercept,id 418439,0.7350,0.9452,5396,0.78,0.4368
Intercept,id 418450,-0.4075,1.2346,5396,-0.33,0.7414
Intercept,id 418472,-0.4075,1.2346,5396,-0.33,0.7414
Intercept,id 418483,-0.4368,1.2220,5396,-0.36,0.7208
Intercept,id 418518,1.4391,0.7499,5396,1.92,0.0550
Intercept,id 418529,2.2386,0.5461,5396,4.10,<.0001
Intercept,id 418595,-0.4075,1.2346,5396,-0.33,0.7414
Intercept,id 418630,-0.4956,1.1977,5396,-0.41,0.6791
Intercept,id 418641,-0.4368,1.2220,5396,-0.36,0.7208
Intercept,id 418674,1.5119,0.7572,5396,2.00,0.0459
Intercept,id 418685,-0.4368,1.2220,5396,-0.36,0.7208
Intercept,id 418696,-0.4368,1.2220,5396,-0.36,0.7208
Intercept,id 418720,0.7923,0.9567,5396,0.83,0.4076
Intercept,id 418764,-0.4368,1.2220,5396,-0.36,0.7208
Intercept,id 418810,-0.4075,1.2346,5396,-0.33,0.7414
Intercept,id 418832,-0.4075,1.2346,5396,-0.33,0.7414
Intercept,id 418876,-0.4368,1.2220,5396,-0.36,0.7208
Intercept,id 418887,2.3238,0.5493,5396,4.23,<.0001
Intercept,id 418900,-0.4075,1.2346,5396,-0.33,0.7414
Intercept,id 418911,-0.4368,1.2220,5396,-0.36,0.7208
Intercept,id 418955,0.7923,0.9567,5396,0.83,0.4076
Intercept,id 418977,-0.4368,1.2220,5396,-0.36,0.7208
Intercept,id 418988,-0.4075,1.2346,5396,-0.33,0.7414
Intercept,id 418999,0.7350,0.9452,5396,0.78,0.4368
Intercept,id 419036,0.7923,0.9567,5396,0.83,0.4076
Intercept,id 419047,-0.4368,1.2220,5396,-0.36,0.7208
Intercept,id 419069,-0.4075,1.2346,5396,-0.33,0.7414
Intercept,id 419091,-0.4368,1.2220,5396,-0.36,0.7208
Intercept,id 419104,-0.4368,1.2220,5396,-0.36,0.7208
Intercept,id 419148,-0.4368,1.2220,5396,-0.36,0.7208
Intercept,id 419159,0.7923,0.9567,5396,0.83,0.4076
Intercept,id 419170,1.4391,0.7499,5396,1.92,0.0550
Intercept,id 419181,-0.4075,1.2346,5396,-0.33,0.7414
Intercept,id 419192,-0.4368,1.2220,5396,-0.36,0.7208
Intercept,id 419216,-0.4075,1.2346,5396,-0.33,0.7414
Intercept,id 419227,-0.4075,1.2346,5396,-0.33,0.7414
Intercept,id 419238,-0.4075,1.2346,5396,-0.33,0.7414
Intercept,id 419271,-0.4368,1.2220,5396,-0.36,0.7208
Intercept,id 419282,-0.4368,1.2220,5396,-0.36,0.7208
Intercept,id 419293,-0.4075,1.2346,5396,-0.33,0.7414
Intercept,id 419306,-0.4075,1.2346,5396,-0.33,0.7414
Intercept,id 419407,-0.4368,1.2220,5396,-0.36,0.7208
Intercept,id 419429,-0.4075,1.2346,5396,-0.33,0.7414
Intercept,id 419552,-0.4368,1.2220,5396,-0.36,0.7208
Intercept,id 419563,-0.4075,1.2346,5396,-0.33,0.7414
Intercept,id 419585,-0.4075,1.2346,5396,-0.33,0.7414
Intercept,id 419596,-0.4075,1.2346,5396,-0.33,0.7414
Intercept,id 419609,2.3238,0.5493,5396,4.23,<.0001
Intercept,id 419620,2.6687,0.5631,5396,4.74,<.0001
Intercept,id 419631,-0.4368,1.2220,5396,-0.36,0.7208
Intercept,id 419653,-0.4368,1.2220,5396,-0.36,0.7208
Intercept,id 419664,1.9027,0.6274,5396,3.03,0.0024
Intercept,id 419675,-0.4075,1.2346,5396,-0.33,0.7414
Intercept,id 419697,1.4391,0.7499,5396,1.92,0.0550
Intercept,id 419710,-0.4075,1.2346,5396,-0.33,0.7414
Intercept,id 419721,-0.4075,1.2346,5396,-0.33,0.7414
Intercept,id 419732,-0.4368,1.2220,5396,-0.36,0.7208
Intercept,id 419787,-0.4368,1.2220,5396,-0.36,0.7208
Intercept,id 419800,0.7350,0.9452,5396,0.78,0.4368
Intercept,id 419888,2.4988,0.4883,5396,5.12,<.0001
Intercept,id 419899,1.9834,0.6321,5396,3.14,0.0017
Intercept,id 419901,-0.4075,1.2346,5396,-0.33,0.7414
Intercept,id 419923,0.7923,0.9567,5396,0.83,0.4076
Intercept,id 419956,-0.4368,1.2220,5396,-0.36,0.7208
Intercept,id 420006,-0.4368,1.2220,5396,-0.36,0.7208
Intercept,id 420039,-0.1730,1.3522,5396,-0.13,0.8982
Intercept,id 420083,-0.4075,1.2346,5396,-0.33,0.7414
Intercept,id 420107,-0.4075,1.2346,5396,-0.33,0.7414
Intercept,id 420118,2.9782,0.4130,5396,7.21,<.0001
Intercept,id 420129,-0.4368,1.2220,5396,-0.36,0.7208
Intercept,id 420140,-0.4368,1.2220,5396,-0.36,0.7208
Intercept,id 420219,1.4391,0.7499,5396,1.92,0.0550
Intercept,id 420230,-0.4075,1.2346,5396,-0.33,0.7414
Intercept,id 420241,0.7350,0.9452,5396,0.78,0.4368
Intercept,id 420285,-0.4368,1.2220,5396,-0.36,0.7208
Intercept,id 420296,-0.4075,1.2346,5396,-0.33,0.7414
Intercept,id 420309,-0.4368,1.2220,5396,-0.36,0.7208
Intercept,id 420410,1.4391,0.7499,5396,1.92,0.0550
Intercept,id 420476,-0.4368,1.2220,5396,-0.36,0.7208
Intercept,id 420487,-0.4368,1.2220,5396,-0.36,0.7208
Intercept,id 420511,-0.4368,1.2220,5396,-0.36,0.7208
Intercept,id 420555,2.2386,0.5461,5396,4.10,<.0001
Intercept,id 420566,-0.4075,1.2346,5396,-0.33,0.7414
Intercept,id 420601,2.5868,0.4908,5396,5.27,<.0001
Intercept,id 420634,0.9750,0.9963,5396,0.98,0.3278
Intercept,id 420645,-0.4368,1.2220,5396,-0.36,0.7208
Intercept,id 420656,-0.4368,1.2220,5396,-0.36,0.7208
Intercept,id 420678,0.7350,0.9452,5396,0.78,0.4368
Intercept,id 420689,-0.4368,1.2220,5396,-0.36,0.7208
